Tile,Unnamed: 1,ai-translate
60x60,,ai-translate
alger,,ai-translate
algemiddel,,ai-translate
alle,,ai-translate
terrasse,,ai-translate
terrasser,,ai-translate
alternativ,,ai-translate
andre,,ai-translate
angiver,,ai-translate
andre,,ai-translate
anvendelse,,ai-translate
anvendelse,,ai-translate
anvendes,,ai-translate
anvendes,,ai-translate
arbejdsdage,,ai-translate
attraktiv,,ai-translate
avanceret,,ai-translate
affedtningsmiddel,,ai-translate
afstandsstykke,,ai-translate
altan,,ai-translate
altaner,,ai-translate
behov,,ai-translate
nødvendig,,ai-translate
belastning,,ai-translate
afhængig,,ai-translate
afhænger,,ai-translate
beregnet,,ai-translate
beslutning,,ai-translate
holdbar,,ai-translate
beton,,ai-translate
betonen,,ai-translate
betyder,,ai-translate
billigere,,ai-translate
matte,,ai-translate
bliver,,ai-translate
våd,,ai-translate
fliseplade,,ai-translate
boremaskine,,ai-translate
væk,,ai-translate
brandklassificeret,,ai-translate
brandkrav,,ai-translate
brændt,,ai-translate
byggemateriale,,ai-translate
ændring,,ai-translate
bundsikringslag,,ai-translate
bedst,,ai-translate
bedst,,ai-translate
forbedret,,ai-translate
begge,,ai-translate
støv,,ai-translate
danmark,,ai-translate
årtier,,ai-translate
designvalg,,ai-translate
diamantbor,,ai-translate
diamantklinge,,ai-translate
din,,ai-translate
direkte,,ai-translate
flisekryds,,ai-translate
din,,ai-translate
dybde,,ai-translate
tegninger,,ai-translate
afløbet,,ai-translate
afløbssystem,,ai-translate
dobbelt,,ai-translate
dyrere,,ai-translate
kostbar,,ai-translate
derfor,,ai-translate
skjule,,ai-translate
efterbehandling,,ai-translate
fordi,,ai-translate
eller,,ai-translate
kun,,ai-translate
energi,,ai-translate
enkel,,ai-translate
enklere,,ai-translate
i henhold til,,ai-translate
entreprenører,,ai-translate
tilbud,,ai-translate
erfaring,,ai-translate
æstetik,,ai-translate
eksempel,,ai-translate
kasse,,ai-translate
facade,,ai-translate
fabrikater,,ai-translate
fugemasse,,ai-translate
flere,,ai-translate
mest,,ai-translate
pletter,,ai-translate
fuger,,ai-translate
fuger,,ai-translate
fugeret,,ai-translate
fugebredde,,ai-translate
personer,,ai-translate
format,,ai-translate
fosforsyre,,ai-translate
fragten,,ai-translate
udviklet,,ai-translate
gratis,,ai-translate
frostsikker,,ai-translate
frostsikkerhed,,ai-translate
frostsikker,,ai-translate
frostsikker,,ai-translate
frostsikker,,ai-translate
primært,,ai-translate
fra,,ai-translate
overvej,,ai-translate
arbejder,,ai-translate
farve,,ai-translate
farver,,ai-translate
farvebestandig,,ai-translate
følge,,ai-translate
forbehandlet,,ai-translate
forbereder,,ai-translate
forseglet,,ai-translate
forsegling,,ai-translate
omhyggeligt,,ai-translate
leveret,,ai-translate
lager,,ai-translate
butikker,,ai-translate
fødder,,ai-translate
garage,,ai-translate
fremstillet,,ai-translate
godkendt,,ai-translate
godkendt,,ai-translate
gulvvarme,,ai-translate
skridsikkerhed,,ai-translate
grov,,ai-translate
grus,,ai-translate
græs,,ai-translate
flise,,ai-translate
vejledninger,,ai-translate
gerne,,ai-translate
gangarealer,,ai-translate
skridsikker,,ai-translate
skridsikker,,ai-translate
skridsikker,,ai-translate
skridsikker,,ai-translate
skridsikker,,ai-translate
skridsikker,,ai-translate
hele,,ai-translate
fortrinsvis,,ai-translate
fuldstændigt,,ai-translate
hjemmelevering,,ai-translate
privat brug,,ai-translate
hjælp,,ai-translate
hjælper,,ai-translate
husholdningskemikalier,,ai-translate
hente,,ai-translate
praktisk,,ai-translate
overvejelse,,ai-translate
henvisning,,ai-translate
fugeafstand,,ai-translate
fugeafstand,,ai-translate
bæredygtig,,ai-translate
bæredygtighed,,ai-translate
bæredygtig,,ai-translate
fuger,,ai-translate
styrke,,ai-translate
hård,,ai-translate
hård,,ai-translate
højere,,ai-translate
højeste,,ai-translate
højtryksrenser,,ai-translate
højtryksrensning,,ai-translate
højde,,ai-translate
ideel,,ai-translate
imprægnere,,ai-translate
imprægnering,,ai-translate
indbæring,,ai-translate
ingen,,ai-translate
indledende,,ai-translate
indkøb,,ai-translate
før,,ai-translate
indendørs fliser,,ai-translate
montering,,ai-translate
installationer,,ai-translate
installere,,ai-translate
instruktionsvideoer,,ai-translate
investering,,ai-translate
i stedet for,,ai-translate
italien,,ai-translate
justerbar,,ai-translate
sammenlignet,,ai-translate
jævn,,ai-translate
jævn,,ai-translate
jævnt,,ai-translate
skæring,,ai-translate
snit,,ai-translate
skæring,,ai-translate
kasseområde,,ai-translate
kemikalier,,ai-translate
keramik,,ai-translate
håndtag,,ai-translate
klasse,,ai-translate
klassificering,,ai-translate
klima,,ai-translate
fliser,,ai-translate
flisedæk,,ai-translate
flisedæk,,ai-translate
flisen,,ai-translate
flise,,ai-translate
fliser,,ai-translate
fliseklæber,,ai-translate
klor,,ai-translate
kombinere,,ai-translate
kombineret,,ai-translate
kompakt,,ai-translate
kompatibel,,ai-translate
forbrugere,,ai-translate
kontaktflade,,ai-translate
kontrast,,ai-translate
kontrol,,ai-translate
korrekt,,ai-translate
omkostninger,,ai-translate
omkostning,,ai-translate
omkostningen,,ai-translate
knust materiale,,ai-translate
kræver,,ai-translate
påkrævet,,ai-translate
kvalitet,,ai-translate
kvalitet,,ai-translate
overfladefornemmelse,,ai-translate
kendetegnet,,ai-translate
taktilitet,,ai-translate
følsomme,,ai-translate
køber,,ai-translate
lager,,ai-translate
lagerstatus,,ai-translate
leveringstid,,ai-translate
levering,,ai-translate
leverer,,ai-translate
flise,,ai-translate
fliser,,ai-translate
lige,,ai-translate
fliseklæb,,ai-translate
lille,,ai-translate
blank,,ai-translate
udseende,,ai-translate
lift,,ai-translate
garage,,ai-translate
lægge,,ai-translate
lægge,,ai-translate
udlægges,,ai-translate
lægger,,ai-translate
lægning,,ai-translate
lægges,,ai-translate
nedre,,ai-translate
dragter,,ai-translate
egnet,,ai-translate
fortrinsvis,,ai-translate
lang,,ai-translate
nem,,ai-translate
affasning,,ai-translate
nemmere,,ai-translate
letplejet,,ai-translate
lav,,ai-translate
lav,,ai-translate
lang,,ai-translate
fugemasse,,ai-translate
fugning,,ai-translate
underlag,,ai-translate
materiale,,ai-translate
mat,,ai-translate
mens,,ai-translate
mellem-høj,,ai-translate
mellemrum,,ai-translate
blid,,ai-translate
miljø,,ai-translate
miljøer,,ai-translate
miljøvenlig,,ai-translate
mindre,,ai-translate
reducerer,,ai-translate
mindst,,ai-translate
moderne,,ai-translate
montering,,ai-translate
mos,,ai-translate
motivere,,ai-translate
resistent,,ai-translate
resistent,,ai-translate
dyse,,ai-translate
meget,,ai-translate
mange,,ai-translate
mønster,,ai-translate
ulemper,,ai-translate
naturlig,,ai-translate
naturligt,,ai-translate
natursten,,ai-translate
nordisk,,ai-translate
standard,,ai-translate
standard,,ai-translate
nettet,,ai-translate
noget,,ai-translate
ikke-brændbar,,ai-translate
offentlig,,ai-translate
offentlig,,ai-translate
ofte,,ai-translate
forskellig,,ai-translate
olie,,ai-translate
arealer,,ai-translate
arrangerer,,ai-translate
originalemballage,,ai-translate
usikker,,ai-translate
pakket,,ai-translate
paddehattefliser,,ai-translate
partikler,,ai-translate
passer,,ai-translate
perfekt,,ai-translate
pergola,,ai-translate
planer,,ai-translate
flad,,ai-translate
flisen,,ai-translate
pladens,,ai-translate
plader,,ai-translate
fliserne,,ai-translate
poleret,,ai-translate
swimmingpool,,ai-translate
bassinet,,ai-translate
poolområder,,ai-translate
porøsitet,,ai-translate
præferencer,,ai-translate
primer,,ai-translate
primer,,ai-translate
pris,,ai-translate
prisvenlig,,ai-translate
udfordring,,ai-translate
prøv,,ai-translate
påvirkes,,ai-translate
reflekterer,,ai-translate
anbefale,,ai-translate
anbefalet,,ai-translate
rengør,,ai-translate
rengør,,ai-translate
rengøring,,ai-translate
rengøringen,,ai-translate
rengøringsmiddel,,ai-translate
rengør,,ai-translate
ridser,,ai-translate
resistent,,ai-translate
resultat,,ai-translate
risiko,,ai-translate
rost,,protected
omkring,,ai-translate
fuger,,ai-translate
højre,,ai-translate
rådgivning,,ai-translate
råmateriale,,ai-translate
bevægelse,,ai-translate
salt,,protected
saltbestandig,,ai-translate
partnere,,ai-translate
samle,,ai-translate
samme,,ai-translate
fuge,,ai-translate
sand,,protected
sandpude,,ai-translate
investering,,ai-translate
udstillingslokale,,ai-translate
udsigt,,ai-translate
selvklæbende,,ai-translate
skade,,ai-translate
opret,,ai-translate
afsend,,ai-translate
forskel,,ai-translate
skærgård,,ai-translate
administrere,,ai-translate
slid,,ai-translate
holdbar,,ai-translate
holdbarhed,,ai-translate
glat,,ai-translate
intelligent,,ai-translate
jævnt,,ai-translate
snavs,,ai-translate
hærdningstid,,ai-translate
sollys,,ai-translate
kant,,ai-translate
sortiment,,ai-translate
gemt,,ai-translate
specialbehandling,,ai-translate
specialtransport,,ai-translate
specialværktøj,,ai-translate
specifik,,ai-translate
stabelbar,,ai-translate
stabil,,ai-translate
stærk,,ai-translate
stilarter,,ai-translate
stor,,ai-translate
storformat,,ai-translate
format,,ai-translate
konstruktion,,ai-translate
struktureret,,ai-translate
største,,ai-translate
absorbering,,ai-translate
køler,,ai-translate
kølighed,,ai-translate
sverige,,ai-translate
hårdere,,ai-translate
synlig,,ai-translate
syrer,,ai-translate
sikre,,ai-translate
sælge,,ai-translate
især,,ai-translate
mønster,,ai-translate
fugesand,,ai-translate
knækket,,ai-translate
tak,,ai-translate
afsats,,ai-translate
temperatur,,ai-translate
temperaturændringer,,ai-translate
terrasse,,ai-translate
terrasser,,ai-translate
overflader,,ai-translate
tid,,ai-translate
til,,ai-translate
sammenføjning,,ai-translate
fremstilling,,ai-translate
tykkelse,,ai-translate
tykkelse,,ai-translate
tykkelse,,ai-translate
skelgrænse,,ai-translate
tør,,ai-translate
trafikbelastning,,ai-translate
på trods af,,ai-translate
tryk,,ai-translate
havefliser,,ai-translate
have,,ai-translate
havedesign,,ai-translate
havefliser,,ai-translate
terrasse,,ai-translate
tung,,ai-translate
tværtimod,,ai-translate
overvej,,ai-translate
vægt,,ai-translate
typer,,ai-translate
tyskland,,ai-translate
tænk,,ai-translate
tænk,,ai-translate
bestandig,,ai-translate
holdbar,,ai-translate
holdbar,,ai-translate
tømiddel,,ai-translate
underlag,,ai-translate
vedligeholdelse,,ai-translate
vedligeholdelsesolie,,ai-translate
overflade,,ai-translate
overfladen,,ai-translate
undgå,,ai-translate
undgår,,ai-translate
unik,,ai-translate
unik,,ai-translate
unik,,ai-translate
indkørsler,,ai-translate
opfylder,,ai-translate
erfaring,,ai-translate
uden,,ai-translate
udendørsbelægning,,ai-translate
udendørsfliser,,ai-translate
udendørsfliser,,ai-translate
udekøkken,,ai-translate
terrasse,,ai-translate
terrassen,,ai-translate
terrasser,,ai-translate
vinterhave,,ai-translate
fremragende,,ai-translate
udendørs,,ai-translate
udendørs brug,,ai-translate
udendørsfliser,,ai-translate
udendørs fliser,,ai-translate
udseende,,ai-translate
udseendet,,ai-translate
valg,,ai-translate
almindelig,,ai-translate
almindelig,,ai-translate
almindeligt,,ai-translate
beton,,ai-translate
beton,,ai-translate
hvorfor,,ai-translate
variation,,ai-translate
varm,,ai-translate
varm,,ai-translate
vand,,ai-translate
vandabsorption,,ai-translate
vandkøling,,ai-translate
værktøj,,ai-translate
vægt,,ai-translate
vigtig,,ai-translate
hvilken,,ai-translate
hvilken,,ai-translate
vinkelsliber,,ai-translate
vinteropbevaring,,ai-translate
vinteren,,ai-translate
vinterforhold,,ai-translate
vist,,ai-translate
udstillingsmiljøer,,ai-translate
bestemt,,ai-translate
vejrbestandig,,ai-translate
vejrbestandighed,,ai-translate
vejrpåvirkning,,ai-translate
vejer,,ai-translate
vejsalt,,ai-translate
vælg,,ai-translate
vælg,,ai-translate
vælger,,ai-translate
værdi,,ai-translate
værdien,,ai-translate
varmebestandig,,ai-translate
varmeabsorption,,ai-translate
værdi,,ai-translate
flydende,,ai-translate
vores,,ai-translate
våd,,ai-translate
vådrum,,ai-translate
overfladen,,ai-translate
overfladeklassificering,,ai-translate
overflader,,ai-translate
overfladestrukturer,,ai-translate
nul,,ai-translate
zoner,,ai-translate
også,,ai-translate
året,,ai-translate
genanvende,,ai-translate
genanvendelig,,ai-translate
genanvendelig,,ai-translate
fliseoverflade,,ai-translate
overskudsmateriale,,ai-translate
aftale,,ai-translate
overvej,,ai-translate
60x120,,ai-translate
80x80,,ai-translate
90x90,,ai-translate
100x100,,ai-translate
120x120,,ai-translate
40x80,,ai-translate
45x90,,ai-translate
kemikalier,,ai-translate
keramik,,ai-translate
keramisk,,ai-translate
keramisk,,ai-translate
storformat,,ai-translate
125 mm,,ai-translate
klasse,,ai-translate
klassificering,,ai-translate
klima,,ai-translate
flise,,ai-translate
20x120,,ai-translate
flisebelægning,,ai-translate
225 mm,,ai-translate
keramisk flise,,ai-translate
235 mm,,ai-translate
250 mm,,ai-translate
270 mm,,ai-translate
klor,,ai-translate
kombinere,,ai-translate
kombineret,,ai-translate
315 mm,,ai-translate
erhverv,,ai-translate
kompakt,,ai-translate
kompatibel,,ai-translate
355 mm,,ai-translate
365 mm,,ai-translate
konkurrencedygtig,,ai-translate
byggeriet,,ai-translate
forbrugere,,ai-translate
kontaktflade,,ai-translate
kontakter,,ai-translate
kontrast,,ai-translate
kontraststribe,,ai-translate
455 mm,,ai-translate
kopi,,ai-translate
korrekt,,ai-translate
4x60,,ai-translate
omkostning,,ai-translate
omkostning,,ai-translate
omkostning,,ai-translate
kreditvurdering,,ai-translate
60x60,,ai-translate
knust materiale,,ai-translate
potter,,ai-translate
kræver,,ai-translate
påkrævet,,ai-translate
farve,,ai-translate
farver,,ai-translate
kunden,,ai-translate
kundeservice,,ai-translate
kundetype,,ai-translate
kvadratmeter,,ai-translate
kvalitet,,ai-translate
kvalitet,,ai-translate
kvarts,,ai-translate
agate,,protected
køling,,ai-translate
aktuel,,ai-translate
albero,,protected
følelse,,ai-translate
følsomme,,ai-translate
køkken,,ai-translate
alpine,,protected
køb,,ai-translate
indkøb,,ai-translate
specificeret,,ai-translate
rapportere,,ai-translate
rapporteret,,ai-translate
anniversario,,protected
specialfremstillet,,ai-translate
land,,ai-translate
specialfremstillet,,ai-translate
mængde,,ai-translate
antique,,protected
antracite,,protected
antracit,,ai-translate
anvendelse,,ai-translate
ardesia,,protected
argresia,,protected
astra,,protected
leveringsmetode,,ai-translate
avana,,protected
leveringstid,,ai-translate
levering,,ai-translate
leverer,,ai-translate
leveret,,ai-translate
tørring,,ai-translate
opsuge,,ai-translate
liftelem,,ai-translate
lige,,ai-translate
arbejdsdage,,ai-translate
legeplads,,ai-translate
børnevenlig,,ai-translate
ikke relevant,,ai-translate
basalto,,protected
mosaik,,ai-translate
forarbejdet,,ai-translate
levetid,,ai-translate
levetid,,ai-translate
forespørgsel,,ai-translate
lydreduktion,,ai-translate
lydreduktion,,ai-translate
bevare,,ai-translate
kræver,,ai-translate
beige,,protected
finansieres,,ai-translate
godkendelse,,ai-translate
lokal,,ai-translate
lokaler,,ai-translate
kalkulation,,ai-translate
ordre,,ai-translate
bestilling,,ai-translate
betalingsmulighed,,ai-translate
betalingspartner,,ai-translate
betalingspartnere,,ai-translate
beton,,protected
betonplade,,ai-translate
forsegler,,ai-translate
bianco,,protected
mursten,,ai-translate
læggemønster,,ai-translate
falmer,,ai-translate
nedre,,ai-translate
bly,,protected
blade,,ai-translate
bocote,,protected
bone,,protected
egnet,,ai-translate
egnet,,ai-translate
fortrinsvis,,ai-translate
lande,,ai-translate
lang,,ai-translate
længere,,ai-translate
let at installere,,ai-translate
lys,,ai-translate
bruges,,protected
vedligeholdelsesfri,,ai-translate
rengøringsvenlig,,ai-translate
lav,,ai-translate
flammebrændt,,ai-translate
lav,,ai-translate
lang,,ai-translate
forlænget,,ai-translate
igangværende,,ai-translate
fugemasse,,ai-translate
calcite,,protected
canapa,,protected
træ,,ai-translate
cement,,protected
cemento,,protected
cenere,,protected
søfart,,ai-translate
underlag,,ai-translate
clay,,protected
co2,,protected
cobolo,,protected
materiale,,ai-translate
materiale,,ai-translate
materialemøder,,ai-translate
cortina,,protected
cream,,protected
crono,,protected
med,,ai-translate
mens,,ai-translate
mellemformat,,ai-translate
dark,,protected
e-mail,,ai-translate
mellemrum,,ai-translate
men,,ai-translate
flere,,ai-translate
mest,,ai-translate
metalskovl,,ai-translate
vejrbestandighed,,ai-translate
destination,,protected
blød,,ai-translate
letdæmpet,,ai-translate
blød,,ai-translate
miljø,,ai-translate
diagonalinstallation,,ai-translate
diaspro,,protected
miljøer,,ai-translate
fjernkøb,,ai-translate
fuge,,ai-translate
miljø,,ai-translate
dokumentation,,ai-translate
miljøvenlig,,ai-translate
miljøvenlig,,ai-translate
blød,,ai-translate
mindre,,ai-translate
minimeret,,ai-translate
minipro,,ai-translate
reducere,,ai-translate
reducerer,,ai-translate
mindst,,ai-translate
misfarvning,,ai-translate
løse fliser,,ai-translate
blandingsforhold,,ai-translate
blød,,ai-translate
blødere,,ai-translate
model,,ai-translate
modeller,,ai-translate
moderne,,ai-translate
etna,,protected
ett,,protected
ikke relevant.,,ai-translate
montering,,ai-translate
montører,,ai-translate
hej,,ai-translate
mos,,ai-translate
imod,,ai-translate
motivere,,ai-translate
elastisk,,ai-translate
elastisk,,ai-translate
elastisk,,ai-translate
reception,,ai-translate
finnas,,protected
dyse,,ai-translate
meget,,ai-translate
mængderabat,,ai-translate
mærker,,ai-translate
fog,,protected
markedsplads,,ai-translate
mange,,ai-translate
skal,,ai-translate
mål,,ai-translate
dimensioneret,,ai-translate
møbelben,,ai-translate
møbelunderlag,,ai-translate
møbler,,ai-translate
mulig,,ai-translate
mønster,,ai-translate
mørkegrå,,ai-translate
ulemper,,ai-translate
frostskydd,,protected
frostskyddslager,,protected
naturinspireret,,ai-translate
naturlig,,ai-translate
naturlig,,ai-translate
natursten,,ai-translate
nej,,ai-translate
nedadgående,,ai-translate
neutral,,ai-translate
färgupplevelsen,,protected
højdevariationer,,ai-translate
följande,,protected
omhyggeligt,,ai-translate
sort,,ai-translate
förband,,protected
nordisk,,ai-translate
nordisk,,ai-translate
standard,,ai-translate
standard,,ai-translate
standard,,ai-translate
nat,,ai-translate
nuværende,,ai-translate
når,,ai-translate
tættest,,ai-translate
gelso,,protected
internet,,ai-translate
nogen,,ai-translate
gent,,protected
geo,,protected
ekstra klar glasur,,ai-translate
ikke-brændbar,,ai-translate
ikke-brændbar,,ai-translate
fuge,,ai-translate
offentlig,,ai-translate
offentlig,,ai-translate
citeret,,ai-translate
tilbud,,ai-translate
grafite,,protected
tilbud,,ai-translate
tilbud,,ai-translate
ofte,,ai-translate
grigio,,protected
olie,,ai-translate
oliepletter,,ai-translate
overdækket,,ai-translate
grit,,protected
grotta,,protected
opalflise,,ai-translate
organiserer,,ai-translate
grå,,protected
originalemballage,,ai-translate
intakt,,ai-translate
intakt,,ai-translate
usa,,ai-translate
usikker,,ai-translate
skråflise,,ai-translate
pakket,,ai-translate
frø,,ai-translate
skammel,,ai-translate
papir,,ai-translate
partikler,,ai-translate
dragter,,ai-translate
"beklager, men ""pbp10"" er ikke et kendt fagterm inden for byggematerialer eller flisebranchen. kan du give mere kontekst eller et andet ord?",,ai-translate
pdf-dokument,,ai-translate
halvförband,,protected
fodstøtte,,ai-translate
fodstøtter,,ai-translate
pr.,,ai-translate
perfekt,,ai-translate
pergola,,ai-translate
personer,,ai-translate
plan,,ai-translate
planer,,ai-translate
plastskovl,,ai-translate
plade,,ai-translate
kvadrat,,ai-translate
plader,,ai-translate
fliser,,ai-translate
fliser,,ai-translate
skærmstørrelse,,ai-translate
forsegling,,ai-translate
blødbundsbog,,ai-translate
poleret,,ai-translate
pollenfilter,,ai-translate
polymerforstærket,,ai-translate
swimmingpool,,ai-translate
bassinet,,ai-translate
poolmiljøer,,ai-translate
poolområder,,ai-translate
porfyr,,ai-translate
porøsitet,,ai-translate
potentiale,,ai-translate
inomhus,,protected
præcist,,ai-translate
præcis,,ai-translate
præferencer,,ai-translate
primer,,ai-translate
primer,,ai-translate
principdetaljer,,ai-translate
iris,,protected
pris,,ai-translate
prismatch,,ai-translate
prisliste,,ai-translate
prisvenlig,,ai-translate
privat,,ai-translate
udfordring,,ai-translate
processer,,ai-translate
produktblad,,ai-translate
produktcertifikat,,ai-translate
produkt,,ai-translate
produktets,,ai-translate
produkter,,ai-translate
produktion,,ai-translate
produktionsfejl,,ai-translate
produktkatalog,,ai-translate
projekt,,ai-translate
designstøtte,,ai-translate
projektets,,ai-translate
konjak,,protected
proportioner,,ai-translate
prøv,,ai-translate
prøvelægning,,ai-translate
testprotokol,,ai-translate
prøveplader,,ai-translate
punktvarme,,ai-translate
påvirker,,ai-translate
berørt,,ai-translate
krukor,,protected
rabatter,,ai-translate
ret,,ai-translate
allerede,,ai-translate
reflekterer,,ai-translate
retningslinje,,ai-translate
standard,,ai-translate
kvarts,,protected
regler,,ai-translate
anbefalinger,,ai-translate
anbefale,,ai-translate
anbefaler,,ai-translate
anbefalet,,ai-translate
anbefalet,,ai-translate
rengør,,ai-translate
rengør,,ai-translate
land,,protected
landstone,,protected
lava,,protected
rengøring,,ai-translate
rengøringsmiddel,,ai-translate
renoveret,,ai-translate
rengør,,ai-translate
leucos,,protected
ridsefast,,ai-translate
ridsefast,,ai-translate
resistent,,ai-translate
restauranter,,ai-translate
resultat,,ai-translate
retur,,ai-translate
lime,,protected
returforsendelse,,ai-translate
lino,,protected
returneret,,ai-translate
litos,,protected
risiko,,ai-translate
risiko,,ai-translate
ljud,,protected
ljuddämpning,,protected
rustfjerner,,ai-translate
rustpletter,,ai-translate
ljusgrå,,protected
gulvflise,,ai-translate
kørestol,,ai-translate
rund,,ai-translate
lokaler,,protected
tilstrækkelig,,ai-translate
antal,,ai-translate
antal,,ai-translate
korrekt,,ai-translate
rådgivning,,ai-translate
råmateriale,,ai-translate
bevægelse,,ai-translate
bevægelsesfuger,,ai-translate
bevægelser,,ai-translate
bevægelsesfuger,,ai-translate
längre,,protected
helgen,,ai-translate
saltvand,,ai-translate
långvarig,,protected
saltbestandig,,ai-translate
partnere,,ai-translate
madera,,protected
samle,,ai-translate
mandorlo,,protected
manhattan,,protected
marina,,protected
sandeltræ,,ai-translate
marsili,,protected
materia,,protected
materialet,,protected
investering,,ai-translate
ældre,,ai-translate
adskille,,ai-translate
serie,,ai-translate
set,,ai-translate
mejla,,protected
udstillingslokale,,ai-translate
sig selv,,ai-translate
synlighed,,ai-translate
sølv,,ai-translate
meteo,,protected
midtown,,protected
opsamling,,ai-translate
kostpris,,ai-translate
vil,,ai-translate
skade,,ai-translate
skader,,ai-translate
skabe,,ai-translate
skib,,ai-translate
forekommer,,ai-translate
afsender,,ai-translate
fuge,,ai-translate
forskel,,ai-translate
skitse,,ai-translate
besparelse,,ai-translate
skovl,,ai-translate
mista,,protected
beskyttet,,ai-translate
sikkerhedsudstyr,,ai-translate
skærgård,,ai-translate
administrerer,,ai-translate
vedligeholdelse,,ai-translate
modulmönster,,protected
mogano,,protected
slibe,,ai-translate
slibning,,ai-translate
moro,,protected
holdbar,,ai-translate
holdbar,,ai-translate
holdbarhed,,ai-translate
mud,,protected
fald,,ai-translate
glat,,ai-translate
intelligent,,ai-translate
glat,,ai-translate
snavs,,ai-translate
hurtighærdende,,ai-translate
hærdningstid,,ai-translate
hurtighærdende,,ai-translate
hurtigt,,ai-translate
sne,,ai-translate
möjlig,,protected
mörkgrå,,protected
namur,,protected
nature,,protected
fejning,,ai-translate
kant,,ai-translate
sortiment,,ai-translate
flisekryds,,ai-translate
nightstone,,protected
specialbehandling,,ai-translate
nocciolo,,protected
specialordre,,ai-translate
specialtransport,,ai-translate
nolita,,protected
nordique,,protected
specifik,,ai-translate
specifik,,ai-translate
nut,,protected
revnedannelse,,ai-translate
revner,,ai-translate
stabelbar,,ai-translate
stabilitet,,ai-translate
stabilitet,,ai-translate
oak,,protected
stabelbar,,ai-translate
stadigt,,ai-translate
standard,,ai-translate
standardmål,,ai-translate
standardlevering,,ai-translate
standardleverancer,,ai-translate
standardmål,,ai-translate
standardstørrelser,,ai-translate
standardtykkelse,,ai-translate
stablet,,ai-translate
stærk,,ai-translate
stærk,,ai-translate
oskadad,,protected
oskadade,,protected
stenoverflader,,ai-translate
design,,ai-translate
stilarter,,ai-translate
natursten,,ai-translate
storformat,,ai-translate
storformat,,ai-translate
pearl,,protected
format,,ai-translate
størrelser,,ai-translate
gade,,ai-translate
konstruktion,,ai-translate
struktureret,,ai-translate
struktureret,,ai-translate
stræber,,ai-translate
plomb,,protected
stativ,,ai-translate
stål,,ai-translate
stander,,ai-translate
større,,ai-translate
porfido,,protected
underlag,,ai-translate
prasio,,protected
precis,,protected
støtte,,ai-translate
køler,,ai-translate
kølighed,,ai-translate
svar,,ai-translate
responstid,,ai-translate
privata,,protected
sverige,,ai-translate
hårdere,,ai-translate
svirp,,ai-translate
synlig,,ai-translate
syrer,,ai-translate
sikker,,ai-translate
sikkerhed,,ai-translate
sikre,,ai-translate
sikre,,ai-translate
sikker,,ai-translate
sikre,,ai-translate
sælger,,ai-translate
særligt,,ai-translate
sæson,,ai-translate
metode,,ai-translate
afretningssand,,ai-translate
knækket,,ai-translate
tobak,,ai-translate
fliser,,ai-translate
quartz,,protected
rabatter,,protected
tagterrasser,,ai-translate
løse fliser,,ai-translate
tager,,ai-translate
regelbunden,,protected
teknisk,,ai-translate
teknisk,,ai-translate
teknisk,,ai-translate
temperatur,,ai-translate
temperaturændringer,,ai-translate
temperatursvingninger,,ai-translate
tendens,,ai-translate
terrasse,,ai-translate
terrasser,,ai-translate
prøve,,ai-translate
testet,,ai-translate
overflader,,ai-translate
tid,,ai-translate
tid,,ai-translate
aftalebooking,,ai-translate
tidsstyret,,ai-translate
til,,ai-translate
tilbehør,,ai-translate
roccia,,protected
leveret,,ai-translate
tilstrækkeligt,,ai-translate
sammenføjning,,ai-translate
fremstillet,,ai-translate
fremstillet,,ai-translate
rust,,protected
fremstilling,,ai-translate
tilbygning,,ai-translate
timer,,ai-translate
tykkelse,,ai-translate
tykkelse,,ai-translate
sabbia,,protected
tykkelse,,ai-translate
salina,,protected
tolerancer,,ai-translate
sandalo,,protected
overflade,,ai-translate
sarawa,,protected
tør,,ai-translate
trafikbelastning,,ai-translate
transportskade,,ai-translate
trin,,ai-translate
shell,,protected
sig,,protected
silver,,protected
silverstone,,protected
gaffeltruck,,ai-translate
tryk,,ai-translate
trykniveau,,ai-translate
træ,,ai-translate
træterrasse,,ai-translate
trædetaljer,,ai-translate
havefliser,,ai-translate
have,,ai-translate
havedesign,,ai-translate
havefliser,,ai-translate
terrasse,,ai-translate
træfliser,,ai-translate
tung,,ai-translate
tung,,ai-translate
slate,,protected
slavonia,,protected
som,,ai-translate
vægt,,ai-translate
type,,ai-translate
typer,,ai-translate
tyskland,,ai-translate
dækplader,,ai-translate
overvej,,ai-translate
overvej,,ai-translate
modstå,,ai-translate
soho,,protected
holdbar,,ai-translate
holdbar,,ai-translate
holdbar,,ai-translate
tømiddel,,ai-translate
undtagelse,,ai-translate
underlag,,ai-translate
forberedelse,,ai-translate
vedligeholdelse,,ai-translate
vedligeholdelsesolie,,ai-translate
fundament,,ai-translate
overflade,,ai-translate
muliggør,,ai-translate
undgå,,ai-translate
undgået,,ai-translate
undgår,,ai-translate
ca.,,ai-translate
cirka,,ai-translate
unik,,ai-translate
unik,,ai-translate
unik,,ai-translate
standardstorlekar,,protected
standardtjockleken,,protected
staplade,,protected
stark,,protected
stella,,protected
opfylder,,ai-translate
opfattet,,ai-translate
erfaringer,,ai-translate
stone,,protected
uden,,ai-translate
udendørs,,ai-translate
strada,,protected
udendørs,,ai-translate
udendørsbelægning,,ai-translate
udendørsfliser,,ai-translate
udendørsfliser,,ai-translate
udekøkken,,ai-translate
udendørsarealer,,ai-translate
terrasse,,ai-translate
terrasse,,ai-translate
sunstone,,protected
vinterhave,,ai-translate
udendørs siddepladser,,ai-translate
baseret på,,ai-translate
svart,,protected
udendørs,,ai-translate
udendørs brug,,ai-translate
udendørsfliser,,ai-translate
udendørsfliser,,ai-translate
udendørsarealer,,ai-translate
undersøger,,ai-translate
sårbar,,ai-translate
tabacco,,protected
udseende,,ai-translate
tahiti,,protected
valg,,ai-translate
valg,,ai-translate
taupe,,protected
almindelig,,ai-translate
almindelig,,ai-translate
normalt,,ai-translate
beton,,ai-translate
vare,,ai-translate
hverdage,,ai-translate
daglig brug,,ai-translate
skabning,,ai-translate
hvorfor,,ai-translate
variation,,ai-translate
variere,,ai-translate
variabel,,ai-translate
varm,,ai-translate
varm,,ai-translate
varm,,ai-translate
varer,,ai-translate
varer,,ai-translate
springer,,ai-translate
skånsomt,,ai-translate
skarp,,ai-translate
vand,,ai-translate
vandabsorption,,ai-translate
vandkøling,,ai-translate
vådrum,,ai-translate
hvem,,ai-translate
værktøj,,ai-translate
travertin,,protected
trentino,,protected
tribeca,,protected
videomøde,,ai-translate
vægt,,ai-translate
vigtig,,ai-translate
hvilken,,ai-translate
hvilken,,ai-translate
hvilken,,ai-translate
ønske,,ai-translate
vin,,ai-translate
vinkelsliber,,ai-translate
täcker,,protected
vinterklargøre,,ai-translate
vinteropbevaring,,ai-translate
vinter,,ai-translate
vinterforhold,,ai-translate
vist,,ai-translate
udstillingsmiljøer,,ai-translate
bestemt,,ai-translate
bestemt,,ai-translate
upcendre,,protected
upcharbon,,protected
upcrete,,protected
upivoire,,protected
vejrbestandighed,,ai-translate
vejrpåvirkning,,ai-translate
vejer,,ai-translate
vejsalt,,ai-translate
brønd,,ai-translate
vælg,,ai-translate
vælg,,ai-translate
vælger,,ai-translate
værdi,,ai-translate
værdi,,ai-translate
varmebestandig,,ai-translate
varmeabsorption,,ai-translate
værdi,,ai-translate
fugtighed,,ai-translate
flydende,,ai-translate
springer,,ai-translate
vores,,ai-translate
forårsrengøring,,ai-translate
våd,,ai-translate
vådrum,,ai-translate
netværk,,ai-translate
hvid,,ai-translate
bredde,,ai-translate
overflade,,ai-translate
overflade,,ai-translate
overfladeklassificering,,ai-translate
overflader,,ai-translate
vesuvio,,protected
flisekryds,,ai-translate
zoner,,ai-translate
ældre,,ai-translate
kasse,,ai-translate
eddike,,ai-translate
også,,ai-translate
vintage,,protected
fortryd,,ai-translate
år,,ai-translate
årligt,,ai-translate
årtier,,ai-translate
refusion,,ai-translate
genbrug,,ai-translate
genanvende,,ai-translate
genanvendelig,,ai-translate
genanvendelig,,ai-translate
øjne,,ai-translate
øget,,ai-translate
ønsket,,ai-translate
anmodning,,ai-translate
åben,,ai-translate
fliseoverflade,,ai-translate
overskudsmateriale,,ai-translate
overdrevet,,ai-translate
aftale,,ai-translate
overslag,,ai-translate
overvej,,ai-translate
andre,,ai-translate
genanvendelig,,ai-translate
inspektionslem,,ai-translate
forstærket,,ai-translate
foretrukken,,ai-translate
specifications,,ai-translate
frostsikker,,ai-translate
overdimensioneret,,ai-translate
overslag,,ai-translate
diverse,,ai-translate
