EN,Unnamed: 1
60x60,
algae,
algaecide,
all,
patio,
patios,
alternative,
other,
indicates,
other,
use,
use,
be used,
is used,
working days,
attractive,
advanced,
degreaser,
distance,
balcony,
balconies,
need,
needed,
load,
dependent,
depends,
calculated,
decision,
durable,
concrete,
the concrete,
means,
cheaper,
fade,
becomes,
wet,
book,
drill,
away,
fire-rated,
fire requirement,
burnt,
building material,
change,
base course,
best,
best,
better,
both,
dusts,
denmark,
decades,
design choice,
diamond drill,
diamond blade,
your,
direct,
spacer,
your,
depth,
draws,
drained,
drainage,
double,
more expensive,
expensive,
therefore,
hide,
after,
because,
or,
only,
energy,
simple,
simpler,
according,
contractors,
offers,
experience,
aesthetics,
example,
case,
facade,
makes,
fat,
several,
most,
stains,
joints,
the joints,
jointed,
joint width,
people,
size,
phosphoric acid,
the freight,
developed,
free,
frost,
frost resistance,
frost-free,
frost-proof,
frost-resistant,
mainly,
from,
consider,
works,
color,
colors,
colorfast,
followed,
pre-treated,
prepares,
sealed,
sealing,
carefully,
provided,
store,
stores,
feet,
garage,
made,
approved,
approved,
underfloor heating,
grip,
coarse,
gravel,
grass,
dig,
guides,
gladly,
walkways,
slippery,
anti-slip,
anti-slip,
anti-slip,
non-slip,
non-slip,
whole,
preferably,
completely,
home delivery,
home use,
help,
helps,
household chemicals,
fetch,
handy,
consideration,
refer,
hold,
hold,
sustainable,
sustainability,
sustainable,
holds,
strength,
hard,
hard,
higher,
highest,
pressure washer,
pressure wash,
height,
ideal,
impregnate,
impregnation,
carrying in,
none,
initial,
purchase,
before,
indoor tiles,
installation,
installations,
install,
instructional videos,
investment,
instead,
italy,
adjustable,
compared,
even,
even,
evenly,
cut,
cuts,
cutting,
checkout,
chemicals,
ceramics,
handles,
class,
classification,
climate,
tiles,
tile deck,
the tile deck,
the tile,
tile,
tiles,
adhesive,
chlorine,
combine,
combined,
compact,
compatible,
consumers,
contact,
contrast,
check,
correct,
costs,
cost,
the cost,
crushed material,
requires,
required,
quality,
quality,
feel,
characterized,
feeling,
sensitive,
buys,
stock,
stock status,
delivery time,
deliver,
delivers,
lie,
lies,
equal,
glue,
small,
bright,
look,
lift,
garage,
lay,
lay,
be laid,
lays,
laying,
are laid,
lower,
suits,
suitable,
preferably,
long,
easy,
ease,
easier,
easy-care,
low,
low,
long,
solve,
solving,
ground,
material,
matte,
while,
medium-high,
between,
mild,
environment,
environments,
environmentally friendly,
less,
reduces,
least,
modern,
assembly,
moss,
motivate,
resistant,
resistant,
nozzle,
much,
many,
pattern,
disadvantages,
natural,
naturally,
natural stone,
nordic,
norm,
normal,
the net,
something,
non-combustible,
public,
public,
often,
different,
oil,
areas,
arranges,
original packaging,
uncertain,
packed,
toad's,
particles,
fits,
perfect,
pergola,
plans,
flat,
the slab,
the slab's,
slabs,
the slabs,
polished,
pool,
the pool,
pool areas,
porosity,
preferences,
prime,
primer,
price,
affordable,
problem,
try,
are affected,
reflects,
recommend,
recommended,
clean,
clean,
cleaning,
the cleaning,
cleaning agent,
clean,
scratches,
resistant,
result,
risk,
rust,
around,
suffices,
right,
advice,
raw material,
movement,
salt,
salty,
partners,
gather,
same,
and,
sand,
the sand bed,
invest,
showroom,
view,
self,
damage,
create,
send,
difference,
archipelago,
manage,
wear,
durable,
durability,
smooth,
smart,
smoothly,
dirt,
faster,
sunlight,
kind,
assortment,
saved,
special treatment,
special transport,
special tools,
specific,
stable,
steady,
strong,
styles,
big,
large,
size,
structure,
structured,
largest,
absorb,
cooler,
coolness,
sweden,
harder,
visible,
acids,
ensure,
sell,
especially,
way,
joint sand,
broken,
thanks,
drop,
temperature,
temperature changes,
terrace,
terraces,
textures,
time,
to,
together,
manufacturing,
thick,
thick,
thick,
property line,
dry,
traffic,
despite,
pressure,
garden tiles,
garden,
garden design,
garden tiles,
deck,
heavy,
on the contrary,
think,
weight,
types,
germany,
think,
think,
endure,
durable,
durable,
de-icing salt,
under,
maintenance,
maintenance oil,
surface,
the surface,
avoid,
avoids,
unique,
unique,
unique,
driveways,
fulfills,
experience,
without,
outdoor flooring,
outdoor tiles,
outdoor tiles,
outdoor kitchen,
patio,
the patio,
patios,
conservatory,
excellent,
outdoors,
outdoor use,
outdoor tiles,
outdoor slabs,
appearance,
the appearance,
choice,
common,
common,
commonly,
be,
be,
why,
variation,
warm,
warm,
water,
water absorption,
water cooling,
tool,
weight,
important,
which,
which,
angle grinder,
winter storage,
the winter,
winters,
shown,
display environments,
certain,
weather resistant,
weather resistance,
weather impact,
weighs,
road salt,
choose,
choose,
chooses,
value,
the value,
heat resistant,
heat absorption,
worth,
liquid,
our,
wet,
wet room,
the surface,
surface classification,
surfaces,
surface structures,
zero,
zones,
also,
the year,
recycle,
recyclable,
recyclable,
over,
leftover,
agreement,
consider,
60x120,
80x80,
90x90,
100x100,
120x120,
40x80,
45x90,
chemicals,
ceramics,
ceramic,
ceramic,
120x240,
125 mm,
"""class""",
classification,
climate,
"""tile""",
20x120,
"""klinker deck""",
225 mm,
ceramic tile,
235 mm,
250 mm,
270 mm,
"""chlorine""",
combine,
combined,
315 mm,
commercial,
compact,
compatible,
355 mm,
365 mm,
competitive,
the construction,
consumers,
contact,
contacts,
contrast,
contrast strip,
455 mm,
copy,
"""correct""",
4x60,
"""cost""",
cost,
cost,
credit assessment,
60x60,
crushed material,
pots,
"""requires""",
"""required""",
color,
colors,
the customer,
customer service,
customer type,
square meter,
quality,
quality,
"""quartz""",
agate,
"""cooling""",
current,
albero,
"""feeling""",
sensitive,
kitchen,
alpine,
"""buy""",
purchase,
specified,
rapportera,
rapporteras,
anniversario,
skräddarsydd,
"""country""",
skräddarsytt,
quantity,
antique,
antracite,
anthracite,
applikation,
ardesia,
argresia,
astra,
delivery method,
avana,
delivery time,
deliver,
"""delivers""",
"""delivered""",
torkning,
blötlägga,
tail lift,
"""equal""",
business days,
lekplats,
children's,
ej tillämpligt,
basalto,
small,
processed,
lifespan,
lifespan,
förfrågan,
sound attenuation,
noise reduction,
bibehålla,
kräver,
beige,
finansieras,
godkännande,
local,
premises,
kalkyl,
order,
order,
betalningsalternativ,
betalningspartner,
betalningspartners,
beton,
concrete slab,
konserverar,
bianco,
bilder,
laying pattern,
fades,
lower,
bly,
"""leaves""",
bocote,
bone,AI
suitable,AI
suitable,AI
preferably,AI
countries,AI
long,AI
longer,AI
easy,AI
light,AI
bruges,AI
low-maintenance,AI
easy to clean,AI
low,AI
flame,AI
low,AI
long,AI
prolonged,AI
ongoing,AI
solve,AI
calcite,AI
canapa,AI
wood,AI
cement,AI
cemento,AI
cenere,AI
marine,AI
ground,AI
clay,AI
marsili,AI
cobolo,AI
material,AI
material,AI
material meetings,AI
cortina,AI
cream,AI
crono,AI
with,AI
while,AI
medium,AI
dark,AI
email,AI
between,AI
but,AI
more,AI
most,AI
metal shovel,AI
weather,AI
midtown,AI
mild,AI
mild,AI
mild,AI
environment,AI
diagonalinstallation,AI
diaspro,AI
environments,AI
distance purchase,AI
fuga,AI
environment,AI
dokumentation,AI
eco-friendly,AI
eco-friendly,AI
mild,AI
less,AI
minimized,AI
minipro,AI
reduce,AI
decreases,AI
at least,AI
discolor,AI
lose,AI
mix,AI
soft,AI
softer,AI
model,AI
models,AI
modern,AI
etna,AI
mogano,AI
monica,AI
assembly,AI
assemblers,AI
hello,AI
moss,AI
against,AI
motivate,AI
resilient,AI
resilient,AI
resilient,AI
reception,AI
mud,AI
nozzle,AI
much,AI
volume discount,AI
brands,AI
grout,AI
marked,AI
many,AI
must,AI
measurements,AI
dimensioned,AI
furniture leg,AI
furniture pads,AI
furniture,AI
possible,AI
pattern,AI
dark gray,AI
disadvantages,AI
namur,AI
nature,AI
nature-inspired,AI
natural,AI
natural,AI
natural stone,AI
no,AI
down,AI
neutral,AI
nightstone,AI
level differences,AI
nocciolo,AI
carefully,AI
noir,AI
nolita,AI
nordic,AI
nordic,AI
norm,AI
normal,AI
normal,AI
night,AI
now,AI
when,AI
closest,AI
gelso,AI
internet,AI
someone,AI
gent,AI
geo,AI
ek,AI
non-combustible,AI
non-combustible,AI
and,AI
public,AI
public,AI
quoted,AI
quote,AI
grafite,AI
quote's,AI
quotes,AI
often,AI
grigio,AI
oil,AI
oil stains,AI
covered,AI
grit,AI
grotta,AI
opal,AI
organizes,AI
grå,AI
original packaging,AI
unharmed,AI
undamaged,AI
us,AI
uncertain,AI
drunk,AI
packed,AI
toad,AI
stool,AI
paper,AI
particles,AI
suits,AI
pbp10,AI
pdf,AI
pearl,AI
pedestal,AI
pedestals,AI
per,AI
perfect,AI
pergola,AI
people,AI
plan,AI
plans,AI
plastic shovel,AI
plate,AI
square,AI
plate's,AI
tiles,AI
tiles,AI
screen size,AI
seal,AI
paperback,AI
polished,AI
pollen,AI
polymer-reinforced,AI
pool,AI
the pool,AI
pool environments,AI
pool areas,AI
porphyry,AI
porosity,AI
potential,AI
prasio,AI
exactly,AI
precise,AI
preferences,AI
prime,AI
primer,AI
principle details,AI
iris,AI
price,AI
price guarantee,AI
price list,AI
affordable,AI
private,AI
problem,AI
processes,AI
product sheet,AI
product certificate,AI
product,AI
product's,AI
products,AI
production,AI
production defect,AI
product catalog,AI
project,AI
design support,AI
project's,AI
konjak,AI
proportions,AI
try,AI
test lay,AI
test protocol,AI
sample plates,AI
point heat,AI
affects,AI
affected,AI
quartz,AI
discounts,AI
straight,AI
already,AI
reflects,AI
rule,AI
regular,AI
kvarts,AI
rules,AI
recommendations,AI
recommend,AI
recommends,AI
recommended,AI
recommended,AI
clean,AI
clean,AI
land,AI
landstone,AI
lava,AI
cleaning,AI
cleaning agent,AI
renovated,AI
clean,AI
leucos,AI
scratch-resistant,AI
scratch-resistant,AI
resistant,AI
restaurants,AI
result,AI
return,AI
lime,AI
return shipping,AI
lino,AI
returned,AI
litos,AI
risk,AI
risk,AI
roccia,AI
rust,AI
rust remover,AI
rust stains,AI
ljusgrå,AI
walker,AI
wheelchair,AI
round,AI
rust,AI
enough,AI
count,AI
counts,AI
correct,AI
advisory,AI
raw material,AI
movement,AI
movement joints,AI
movements,AI
movement zones,AI
sabbia,AI
saint,AI
saline,AI
salt,AI
salty,AI
partners,AI
madera,AI
gather,AI
mandorlo,AI
manhattan,AI
sand,AI
sandalwood,AI
marsili,AI
materia,AI
sarawa,AI
invest,AI
seniors,AI
separate,AI
series,AI
seen,AI
shell,AI
showroom,AI
themselves,AI
visibility,AI
silver,AI
meteo,AI
midtown,AI
pickup,AI
cost price,AI
will,AI
injury,AI
injuries,AI
create,AI
ship,AI
occurs,AI
sends,AI
sent,AI
difference,AI
sketch,AI
spare,AI
shovel,AI
mista,AI
protected,AI
protective equipment,AI
archipelago,AI
manages,AI
care,AI
slate,AI
mogano,AI
sharpen,AI
grinding,AI
moro,AI
durable,AI
durable,AI
durability,AI
mud,AI
slopes,AI
smooth,AI
smart,AI
smooth,AI
dirt,AI
fast,AI
faster,AI
fastest,AI
quickly,AI
snow,AI
soho,AI
mörkgrå,AI
namur,AI
nature,AI
sweeping,AI
kind,AI
assortment,AI
spacer,AI
nightstone,AI
special treatment,AI
nocciolo,AI
special order,AI
special transport,AI
nolita,AI
nordique,AI
specific,AI
specific,AI
nut,AI
cracking,AI
cracks,AI
stable,AI
stability,AI
stability,AI
oak,AI
stable,AI
steadily,AI
standard,AI
standard sizes,AI
standard delivery,AI
standard deliveries,AI
standard measure,AI
standard sizes,AI
standard thickness,AI
stacked,AI
strong,AI
strong,AI
stella,AI
stone,AI
stone surfaces,AI
style,AI
styles,AI
sten,AI
large,AI
large,AI
pearl,AI
size,AI
sizes,AI
street,AI
structure,AI
structured,AI
structured,AI
strives,AI
plomb,AI
stand,AI
steel,AI
stands,AI
larger,AI
porfido,AI
substrate,AI
prasio,AI
sunstone,AI
support,AI
cooler,AI
coolness,AI
answer,AI
response time,AI
svart,AI
sweden,AI
harder,AI
swish,AI
visible,AI
acids,AI
safe,AI
security,AI
ensure,AI
ensure,AI
safe,AI
secure,AI
sells,AI
particularly,AI
season,AI
method,AI
setting sand,AI
broken,AI
tobacco,AI
tabs,AI
quartz,AI
tahiti,AI
rooftop terraces,AI
lose,AI
takes,AI
taupe,AI
technical,AI
technical,AI
technical,AI
temperature,AI
temperature changes,AI
temperature fluctuations,AI
tend,AI
terrace,AI
terraces,AI
test,AI
tested,AI
textures,AI
time,AI
time,AI
appointment booking,AI
time-controlled,AI
to,AI
accessories,AI
roccia,AI
provided,AI
enough,AI
together,AI
manufactured,AI
manufactured,AI
rust,AI
manufacturing,AI
extension,AI
hours,AI
thick,AI
thick,AI
sabbia,AI
thick,AI
salina,AI
tolerances,AI
sandalo,AI
top,AI
sarawa,AI
dry,AI
traffic,AI
transport damage,AI
step,AI
shell,AI
trentino,AI
tribeca,AI
silverstone,AI
truck,AI
pressure,AI
pressure level,AI
wood,AI
wooden deck,AI
wood details,AI
garden tiles,AI
garden,AI
garden design,AI
garden tiles,AI
deck,AI
wooden tiles,AI
heavy,AI
heavy,AI
slate,AI
slavonia,AI
like,AI
weight,AI
type,AI
types,AI
germany,AI
covers,AI
think,AI
think,AI
withstand,AI
soho,AI
durable,AI
durable,AI
durable,AI
de-icing salt,AI
exception,AI
under,AI
preparation,AI
maintenance,AI
maintenance oil,AI
foundation,AI
surface,AI
facilitates,AI
avoid,AI
avoided,AI
avoids,AI
approximately,AI
approximate,AI
unique,AI
unique,AI
unique,AI
upcendre,AI
upcharbon,AI
upcrete,AI
upivoire,AI
stella,AI
meets,AI
perceived,AI
experiences,AI
stone,AI
without,AI
outside,AI
strada,AI
outdoor,AI
outdoor flooring,AI
outdoor tiles,AI
outdoor tiles,AI
outdoor kitchen,AI
outdoor environments,AI
patio,AI
patio,AI
sunstone,AI
conservatory,AI
outdoor seating,AI
based on,AI
svart,AI
outdoor,AI
outdoor use,AI
outdoor tiles,AI
outdoor tiles,AI
outdoor areas,AI
investigates,AI
vulnerable,AI
tabacco,AI
appearance,AI
tahiti,AI
election,AI
election,AI
taupe,AI
common,AI
common,AI
usually,AI
be,AI
item,AI
weekdays,AI
everyday use,AI
creature,AI
why,AI
variation,AI
vary,AI
varies,AI
warm,AI
warm,AI
warm,AI
goods,AI
goods,AI
spring,AI
gently,AI
sharp,AI
water,AI
water absorption,AI
water cooling,AI
aquatic environments,AI
who,AI
tool,AI
travertin,AI
trentino,AI
tribeca,AI
video meeting,AI
weight,AI
important,AI
which,AI
which,AI
which,AI
want,AI
wine,AI
angle grinder,AI
vintage,AI
winterize,AI
winter storage,AI
winter,AI
winters,AI
displayed,AI
display environments,AI
certain,AI
certain,AI
upcendre,AI
upcharbon,AI
upcrete,AI
upivoire,AI
weather resistance,AI
weather impact,AI
weighs,AI
road salt,AI
well,AI
choose,AI
choose,AI
chooses,AI
value,AI
value,AI
heat-resistant,AI
heat absorption,AI
worth,AI
moisture,AI
liquid,AI
spring,AI
our,AI
spring cleaning,AI
wet,AI
wet room,AI
web,AI
white,AI
bredd,AI
surface,AI
surface,AI
surface classification,AI
surfaces,AI
vesuvio,AI
noll,AI
zones,AI
older,AI
case,AI
vinegar,AI
also,AI
vintage,AI
undo,AI
year,AI
annually,AI
decades,AI
refund,AI
recycle,AI
recycle,AI
recyclable,AI
recyclable,AI
eyes,AI
increased,AI
desired,AI
request,AI
open,AI
over,AI
leftover,AI
exaggerated,AI
agreement,AI
estimation,AI
consider,AI
other,AI
recyclable,
inspektionslucka,
förstärkt,
preferred,
specifikationer,
frostsäker,
överdimensionerad,
estimate,
miscellaneous,
