Exterior tiles,Unnamed: 1,ai-translate
60x60,,ai-translate
algen,,ai-translate
algizid,,ai-translate
alle,,ai-translate
terrasse,,ai-translate
terrassen,,ai-translate
alternative,,ai-translate
sonstige,,ai-translate
zeigt an,,ai-translate
andere,,ai-translate
verwendung,,ai-translate
verwendung,,ai-translate
verwendet werden,,ai-translate
wird verwendet,,ai-translate
arbeitstage,,ai-translate
ansprechend,,ai-translate
fortschrittlich,,ai-translate
entfetter,,ai-translate
abstand,,ai-translate
balkon,,ai-translate
balkone,,ai-translate
bedarf,,ai-translate
benötigt,,ai-translate
belastung,,ai-translate
abhängig,,ai-translate
abhängig,,ai-translate
berechnet,,ai-translate
entscheidung,,ai-translate
strapazierfähig,,ai-translate
beton,,ai-translate
der beton,,ai-translate
bedeutet,,ai-translate
kostengünstiger,,ai-translate
verblassen,,ai-translate
wird,,ai-translate
nass,,ai-translate
buch.,,ai-translate
bohrer,,ai-translate
entfernt,,ai-translate
feuerbeständig,,ai-translate
brandschutzanforderung,,ai-translate
gebrannt,,ai-translate
baustoff,,ai-translate
änderung,,ai-translate
tragschicht,,ai-translate
optimal,,ai-translate
optimal,,ai-translate
besser,,ai-translate
beide,,ai-translate
stäube,,ai-translate
dänemark,,ai-translate
jahrzehnte,,ai-translate
designauswahl,,ai-translate
diamantbohrer,,ai-translate
diamanttrennscheibe,,ai-translate
ihr,,ai-translate
direkt,,ai-translate
fugenabstandshalter,,ai-translate
ihr,,ai-translate
tiefe,,ai-translate
ziehtafel,,ai-translate
entwässert,,ai-translate
entwässerungssystem,,ai-translate
doppelboden,,ai-translate
hochpreisiger,,ai-translate
hochwertig,,ai-translate
daher,,ai-translate
verbergen,,ai-translate
nachher,,ai-translate
weil,,ai-translate
oder,,ai-translate
nur,,ai-translate
energie,,ai-translate
einfach,,ai-translate
einfach,,ai-translate
gemäß,,ai-translate
auftragnehmer,,ai-translate
angebote,,ai-translate
erfahrung,,ai-translate
ästhetik,,ai-translate
beispiel,,ai-translate
gehäuse,,ai-translate
fassade,,ai-translate
herstellt,,ai-translate
fett,,ai-translate
mehrere,,ai-translate
meist,,ai-translate
flecken,,ai-translate
fugen,,ai-translate
fugen,,ai-translate
fugig,,ai-translate
fugenbreite,,ai-translate
personen,,ai-translate
format,,ai-translate
phosphorsäure,,ai-translate
die fracht,,ai-translate
entwickelt,,ai-translate
frei,,ai-translate
frostbeständigkeit,,ai-translate
frostbeständigkeit,,ai-translate
frostsicher,,ai-translate
frostsicher,,ai-translate
frostbeständig,,ai-translate
hauptsächlich,,ai-translate
aus,,ai-translate
berücksichtigen,,ai-translate
arbeiten,,ai-translate
farbe,,ai-translate
farben,,ai-translate
farbbeständig,,ai-translate
folgend,,ai-translate
vorbehandelt,,ai-translate
vorbereitet,,ai-translate
versiegelt,,ai-translate
abdichtung,,ai-translate
sorgfältig,,ai-translate
bereitgestellt,,ai-translate
lager,,ai-translate
geschäfte,,ai-translate
fußleisten,,ai-translate
garage,,ai-translate
hergestellt,,ai-translate
zugelassen,,ai-translate
zugelassen,,ai-translate
fußbodenheizung,,ai-translate
rutschfestigkeit,,ai-translate
grob,,ai-translate
kies,,ai-translate
kunstrasen,,ai-translate
aushub,,ai-translate
leitfäden,,ai-translate
gerne,,ai-translate
gehwege,,ai-translate
rutschig,,ai-translate
rutschhemmend,,ai-translate
rutschhemmend,,ai-translate
rutschhemmend,,ai-translate
rutschfest,,ai-translate
rutschfest,,ai-translate
ganzstück,,ai-translate
vorzugsweise,,ai-translate
vollständig,,ai-translate
hauszustellung,,ai-translate
privatgebrauch,,ai-translate
hilfe,,ai-translate
hilft,,ai-translate
haushaltschemikalien,,ai-translate
holen,,ai-translate
praktisch,,ai-translate
berücksichtigung,,ai-translate
verweisen,,ai-translate
haftung,,ai-translate
haftung,,ai-translate
nachhaltig,,ai-translate
nachhaltigkeit,,ai-translate
nachhaltig,,ai-translate
haftung,,ai-translate
festigkeit,,ai-translate
hart,,ai-translate
hart,,ai-translate
höher,,ai-translate
höchste,,ai-translate
hochdruckreiniger,,ai-translate
hochdruckreinigung,,ai-translate
höhe,,ai-translate
optimal,,ai-translate
imprägnieren,,ai-translate
imprägnierung,,ai-translate
einbringen,,ai-translate
keine,,ai-translate
anfangsphase,,ai-translate
kauf,,ai-translate
vorher,,ai-translate
innenfliesen,,ai-translate
verlegung,,ai-translate
installationen,,ai-translate
verlegen,,ai-translate
anleitungsvideos,,ai-translate
investition,,ai-translate
anstelle,,ai-translate
italien,,ai-translate
höhenverstellbar,,ai-translate
verglichen,,ai-translate
eben,,ai-translate
eben,,ai-translate
gleichmäßig,,ai-translate
schnitt,,ai-translate
schnitte,,ai-translate
schneiden,,ai-translate
kasse,,ai-translate
chemikalien,,ai-translate
keramik,,ai-translate
griffe,,ai-translate
klasse,,ai-translate
klassifizierung,,ai-translate
klima,,ai-translate
fliesen,,ai-translate
fliesendeck,,ai-translate
fliesendeck,,ai-translate
die fliese,,ai-translate
fliese,,ai-translate
fliesen,,ai-translate
kleber,,ai-translate
chlor.,,ai-translate
kombinieren,,ai-translate
kombiniert,,ai-translate
kompakt,,ai-translate
kompatibel,,ai-translate
verbraucher,,ai-translate
kontaktfläche,,ai-translate
kontrast,,ai-translate
prüfung,,ai-translate
korrekt,,ai-translate
kosten,,ai-translate
kosten,,ai-translate
die kosten,,ai-translate
schüttgut,,ai-translate
erfordert,,ai-translate
erforderlich,,ai-translate
qualität,,ai-translate
qualität,,ai-translate
haptik,,ai-translate
charakterisiert,,ai-translate
haptik,,ai-translate
empfindlich,,ai-translate
kauft,,ai-translate
lagerbestand,,ai-translate
lagerbestand,,ai-translate
lieferzeit,,ai-translate
liefern,,ai-translate
liefert,,ai-translate
fliese,,ai-translate
fliesen,,ai-translate
gleich,,ai-translate
kleber,,ai-translate
klein,,ai-translate
glänzend,,ai-translate
optik,,ai-translate
hebeanlage,,ai-translate
garage,,ai-translate
verlegen,,ai-translate
verlegen,,ai-translate
verlegt,,ai-translate
verlegung,,ai-translate
verlegung,,ai-translate
verlegt,,ai-translate
unterkonstruktion,,ai-translate
anzüge,,ai-translate
geeignet,,ai-translate
vorzugsweise,,ai-translate
langformatig,,ai-translate
einfach,,ai-translate
leichtigkeit,,ai-translate
einfacher,,ai-translate
pflegeleicht,,ai-translate
niedrig,,ai-translate
niedrig,,ai-translate
langformatig,,ai-translate
lösen,,ai-translate
lösung,,ai-translate
boden,,ai-translate
material,,ai-translate
matt,,ai-translate
während,,ai-translate
mittel-hoch,,ai-translate
zwischen,,ai-translate
sanft,,ai-translate
umwelt,,ai-translate
umgebungen,,ai-translate
umweltfreundlich,,ai-translate
weniger,,ai-translate
reduziert,,ai-translate
mindestens,,ai-translate
zeitgemäß,,ai-translate
montage,,ai-translate
moos,,ai-translate
anregen,,ai-translate
widerstandsfähig,,ai-translate
widerstandsfähig,,ai-translate
düse,,ai-translate
viel,,ai-translate
viele,,ai-translate
muster,,ai-translate
nachteile,,ai-translate
naturstein,,ai-translate
natürlich,,ai-translate
naturstein,,ai-translate
nordisch,,ai-translate
standard,,ai-translate
standard,,ai-translate
das netz,,ai-translate
etwas,,ai-translate
nicht brennbar,,ai-translate
öffentlich,,ai-translate
öffentlich,,ai-translate
häufig,,ai-translate
unterschiedlich,,ai-translate
öl,,ai-translate
bereiche,,ai-translate
ordnet,,ai-translate
originalverpackung,,ai-translate
unsicher,,ai-translate
verpackt,,ai-translate
krötenfliesen,,ai-translate
partikel,,ai-translate
passt,,ai-translate
perfekt,,ai-translate
pergola,,ai-translate
pläne,,ai-translate
flach,,ai-translate
die platte,,ai-translate
der platte,,ai-translate
platten,,ai-translate
die platten,,ai-translate
poliert,,ai-translate
schwimmbecken,,ai-translate
das schwimmbecken,,ai-translate
poolbereiche,,ai-translate
porosität,,ai-translate
präferenzen,,ai-translate
grundierung,,ai-translate
grundierung,,ai-translate
preis,,ai-translate
kostengünstig,,ai-translate
problemstellung,,ai-translate
probieren,,ai-translate
sind betroffen,,ai-translate
reflektiert,,ai-translate
empfehlen,,ai-translate
empfohlen,,ai-translate
reinigen,,ai-translate
reinigen,,ai-translate
reinigung,,ai-translate
die reinigung,,ai-translate
reinigungsmittel,,ai-translate
reinigen,,ai-translate
kratzer,,ai-translate
widerstandsfähig,,ai-translate
ergebnis,,ai-translate
risiko,,ai-translate
rost,,protected
um,,ai-translate
ausreichend,,ai-translate
rechts,,ai-translate
beratung,,ai-translate
rohstoff,,ai-translate
bewegungsfuge,,ai-translate
salt,,protected
salzhaltig,,ai-translate
partner,,ai-translate
sammeln,,ai-translate
gleich,,ai-translate
und,,ai-translate
sand,,protected
sandbett,,ai-translate
investition,,ai-translate
ausstellungsraum,,ai-translate
ansicht,,ai-translate
selbstnivellierend,,ai-translate
schaden,,ai-translate
erstellen,,ai-translate
versenden,,ai-translate
unterschied,,ai-translate
archipel,,ai-translate
verwalten,,ai-translate
abrieb,,ai-translate
strapazierfähig,,ai-translate
haltbarkeit,,ai-translate
glatt,,ai-translate
intelligent,,ai-translate
glatt,,ai-translate
schmutz,,ai-translate
schneller,,ai-translate
sonnenlicht,,ai-translate
art,,ai-translate
sortiment,,ai-translate
gespeichert,,ai-translate
spezialbehandlung,,ai-translate
spezialtransport,,ai-translate
spezialwerkzeuge,,ai-translate
spezifisch,,ai-translate
stabil,,ai-translate
stabil,,ai-translate
robust,,ai-translate
stile,,ai-translate
großformatig,,ai-translate
großformatig,,ai-translate
format,,ai-translate
struktur,,ai-translate
strukturiert,,ai-translate
größte,,ai-translate
absorbieren,,ai-translate
kühler,,ai-translate
kühleffekt,,ai-translate
schweden,,ai-translate
härter,,ai-translate
sichtbar,,ai-translate
säuren,,ai-translate
sicherstellen,,ai-translate
verkaufen,,ai-translate
insbesondere,,ai-translate
weg,,ai-translate
fugenfüllsand,,ai-translate
gebrochen,,ai-translate
danke,,ai-translate
absenkung,,ai-translate
temperatur,,ai-translate
temperaturschwankungen,,ai-translate
terrasse,,ai-translate
terrassen,,ai-translate
oberflächenstrukturen,,ai-translate
zeitpunkt,,ai-translate
zu,,ai-translate
zusammen,,ai-translate
herstellung,,ai-translate
stark,,ai-translate
stark,,ai-translate
stark,,ai-translate
grundstücksgrenze,,ai-translate
trocken,,ai-translate
verkehrslast,,ai-translate
trotz,,ai-translate
druckbelastung,,ai-translate
gartenfliesen,,ai-translate
garten,,ai-translate
gartengestaltung,,ai-translate
gartenfliesen,,ai-translate
belag,,ai-translate
schwerlast,,ai-translate
im gegenteil,,ai-translate
denken,,ai-translate
gewicht,,ai-translate
arten,,ai-translate
deutschland,,ai-translate
denken,,ai-translate
denken,,ai-translate
beständig,,ai-translate
strapazierfähig,,ai-translate
strapazierfähig,,ai-translate
auftausalz,,ai-translate
unter,,ai-translate
wartung,,ai-translate
pflegeöl,,ai-translate
oberfläche,,ai-translate
die oberfläche,,ai-translate
vermeiden,,ai-translate
vermeidet,,ai-translate
einzigartig,,ai-translate
einzigartig,,ai-translate
einzigartig,,ai-translate
auffahrten,,ai-translate
erfüllt,,ai-translate
erfahrung,,ai-translate
ohne,,ai-translate
außenbelag,,ai-translate
außenfliesen,,ai-translate
außenfliesen,,ai-translate
außenküche,,ai-translate
terrasse,,ai-translate
die terrasse,,ai-translate
terrassen,,ai-translate
wintergarten,,ai-translate
hervorragend,,ai-translate
außenbereich,,ai-translate
außeneinsatz,,ai-translate
außenfliesen,,ai-translate
außenplatten,,ai-translate
optik,,ai-translate
optik,,ai-translate
auswahl,,ai-translate
gängig,,ai-translate
gängig,,ai-translate
häufig,,ai-translate
beton,,ai-translate
beton,,ai-translate
warum,,ai-translate
varianz,,ai-translate
temperiert,,ai-translate
warmtonig,,ai-translate
wasser,,ai-translate
wasseraufnahme,,ai-translate
wasserkühlung,,ai-translate
werkzeug,,ai-translate
gewicht,,ai-translate
wichtig,,ai-translate
welche,,ai-translate
welche,,ai-translate
winkelschleifer,,ai-translate
winterlagerung,,ai-translate
der winter,,ai-translate
winterbedingungen,,ai-translate
gezeigt,,ai-translate
präsentationsumgebungen,,ai-translate
bestimmt,,ai-translate
wetterbeständig,,ai-translate
witterungsbeständigkeit,,ai-translate
witterungseinfluss,,ai-translate
wiegt,,ai-translate
streusalz,,ai-translate
wählen,,ai-translate
wählen,,ai-translate
wählt,,ai-translate
wert,,ai-translate
der wert,,ai-translate
hitzebeständig,,ai-translate
wärmeabsorption,,ai-translate
wert,,ai-translate
flüssigkeit,,ai-translate
unser,,ai-translate
nass,,ai-translate
nassraum,,ai-translate
die oberfläche,,ai-translate
oberflächenklassifizierung,,ai-translate
oberflächen,,ai-translate
oberflächenstrukturen,,ai-translate
nullfuge,,ai-translate
zonen,,ai-translate
auch,,ai-translate
das jahr,,ai-translate
recyceln,,ai-translate
recycelbar,,ai-translate
recycelbar,,ai-translate
überlappung,,ai-translate
restmaterial,,ai-translate
vereinbarung,,ai-translate
berücksichtigen,,ai-translate
60x120,,ai-translate
80x80,,ai-translate
90x90,,ai-translate
100x100,,ai-translate
120x120,,ai-translate
40x80,,ai-translate
45x90,,ai-translate
chemikalien,,ai-translate
keramik,,ai-translate
keramik,,ai-translate
keramik,,ai-translate
120x240,,ai-translate
125 mm,,ai-translate
klasse,,ai-translate
klassifizierung,,ai-translate
klima,,ai-translate
fliese,,ai-translate
20x120,,ai-translate
clinker deck,,ai-translate
225 mm,,ai-translate
keramikfliese,,ai-translate
235 mm,,ai-translate
250 mm,,ai-translate
270 mm,,ai-translate
chlor.,,ai-translate
kombinieren,,ai-translate
kombiniert,,ai-translate
315 mm,,ai-translate
gewerblich,,ai-translate
kompakt,,ai-translate
kompatibel,,ai-translate
355 mm,,ai-translate
365 mm,,ai-translate
wettbewerbsfähig,,ai-translate
der bau,,ai-translate
verbraucher,,ai-translate
kontakt,,ai-translate
kontakte,,ai-translate
kontrast,,ai-translate
kontraststreifen,,ai-translate
455 mm,,ai-translate
kopie,,ai-translate
korrekt,,ai-translate
4x60,,ai-translate
kosten,,ai-translate
kosten,,ai-translate
kosten,,ai-translate
bonitätsprüfung,,ai-translate
60x60,,ai-translate
schüttgut,,ai-translate
töpfe,,ai-translate
erfordert,,ai-translate
erforderlich,,ai-translate
farbe,,ai-translate
farben,,ai-translate
der kunde,,ai-translate
kundendienst,,ai-translate
kundentyp,,ai-translate
quadratmeter,,ai-translate
qualität,,ai-translate
qualität,,ai-translate
quarz,,ai-translate
agate,,protected
kühlung,,ai-translate
aktuell,,ai-translate
albero,,protected
oberfläche,,ai-translate
empfindlich,,ai-translate
küche,,ai-translate
alpine,,protected
kaufen,,ai-translate
einkauf,,ai-translate
spezifiziert,,ai-translate
musterwiederholung,,ai-translate
gemeldet,,ai-translate
anniversario,,protected
maßgeschneidert,,ai-translate
landhausstil,,ai-translate
maßgeschneidert,,ai-translate
menge,,ai-translate
antique,,protected
antracite,,protected
anthrazit,,ai-translate
anwendung,,ai-translate
ardesia,,protected
argresia,,protected
astra,,protected
liefermethode,,ai-translate
avana,,protected
lieferzeit,,ai-translate
lieferung,,ai-translate
liefert,,ai-translate
geliefert,,ai-translate
trocknung,,ai-translate
einweichen,,ai-translate
hebebühne,,ai-translate
gleichwertig,,ai-translate
werktage,,ai-translate
spielplatz,,ai-translate
kinder,,ai-translate
nicht anwendbar,,ai-translate
basalto,,protected
klein,,ai-translate
verarbeitet,,ai-translate
lebensdauer,,ai-translate
lebensdauer,,ai-translate
anfrage,,ai-translate
schalldämmung,,ai-translate
schalldämmung,,ai-translate
beibehalten,,ai-translate
erfordert,,ai-translate
beige,,protected
finanziert,,ai-translate
zulassung,,ai-translate
lokal,,ai-translate
räumlichkeiten,,ai-translate
kalkulation,,ai-translate
bestellung,,ai-translate
bestellung,,ai-translate
zahlungsoptionen,,ai-translate
zahlungspartner,,ai-translate
zahlungspartner,,ai-translate
beton,,protected
betonplatte,,ai-translate
versiegelt,,ai-translate
bianco,,protected
images,,ai-translate
verlegemuster,,ai-translate
verblasst,,ai-translate
unterkonstruktion,,ai-translate
bly,,protected
blätterdekor,,ai-translate
bocote,,protected
bone,,protected
geeignet,,ai-translate
geeignet,,ai-translate
bevorzugt,,ai-translate
länder,,ai-translate
langformatig,,ai-translate
länger,,ai-translate
einfach,,ai-translate
licht,,ai-translate
bruges,,protected
pflegeleicht,,ai-translate
pflegeleicht,,ai-translate
niedrig,,ai-translate
flamme,,ai-translate
niedrig,,ai-translate
langformatig,,ai-translate
verlängert,,ai-translate
laufend,,ai-translate
lösen,,ai-translate
calcite,,protected
canapa,,protected
holz,,ai-translate
cement,,protected
cemento,,protected
cenere,,protected
salzwasserbeständig,,ai-translate
untergrund,,ai-translate
clay,,protected
co2,,protected
cobolo,,protected
material,,ai-translate
material,,ai-translate
materialbesprechungen,,ai-translate
cortina,,protected
cream,,protected
crono,,protected
mit,,ai-translate
während,,ai-translate
mittel,,ai-translate
dark,,protected
glasur,,ai-translate
zwischen,,ai-translate
fuge,,ai-translate
mehr,,ai-translate
meist,,ai-translate
metallschaufel,,ai-translate
witterung,,ai-translate
destination,,protected
sanft,,ai-translate
sanft,,ai-translate
sanft,,ai-translate
umwelt,,ai-translate
diagonalverlegung,,ai-translate
diaspro,,protected
umgebungen,,ai-translate
fernkauf,,ai-translate
fuge,,ai-translate
umwelt,,ai-translate
dokumentation,,ai-translate
umweltfreundlich,,ai-translate
umweltfreundlich,,ai-translate
sanft,,ai-translate
weniger,,ai-translate
minimiert,,ai-translate
miniprofil,,ai-translate
reduzieren,,ai-translate
reduziert,,ai-translate
mindestens,,ai-translate
verfärbung,,ai-translate
loose,,ai-translate
mischung,,ai-translate
weich,,ai-translate
weich,,ai-translate
modell,,ai-translate
modelle,,ai-translate
zeitgemäß,,ai-translate
etna,,protected
ett,,protected
unbekannt,,ai-translate
montage,,ai-translate
montagearbeiter,,ai-translate
hallo,,ai-translate
moos,,ai-translate
gegen,,ai-translate
motivieren,,ai-translate
elastisch,,ai-translate
elastisch,,ai-translate
elastisch,,ai-translate
empfangsbereich,,ai-translate
finnas,,protected
düse,,ai-translate
viel,,ai-translate
mengenrabatt,,ai-translate
marken,,ai-translate
fog,,protected
markiert,,ai-translate
viele,,ai-translate
muss,,ai-translate
abmessungen,,ai-translate
abgemessen,,ai-translate
möbelfuß,,ai-translate
möbelgleiter,,ai-translate
möbel,,ai-translate
möglich,,ai-translate
muster,,ai-translate
anthrazit,,ai-translate
nachteile,,ai-translate
frostskydd,,protected
frostskyddslager,,protected
naturinspiriert,,ai-translate
naturstein,,ai-translate
naturbelassen,,ai-translate
naturstein,,ai-translate
nein,,ai-translate
abwärts,,ai-translate
neutral,,ai-translate
färgupplevelsen,,protected
höhendifferenzen,,ai-translate
följande,,protected
sorgfältig,,ai-translate
schwarz,,ai-translate
förband,,protected
nordisch,,ai-translate
nordisch,,ai-translate
standard,,ai-translate
standard,,ai-translate
standard,,ai-translate
nacht,,ai-translate
sofort,,ai-translate
wenn,,ai-translate
nächste,,ai-translate
gelso,,protected
internet,,ai-translate
jemand,,ai-translate
gent,,protected
geo,,protected
erweiterungskeil,,ai-translate
nicht brennbar,,ai-translate
nicht brennbar,,ai-translate
und,,ai-translate
öffentlich,,ai-translate
öffentlich,,ai-translate
angeboten,,ai-translate
angebot,,ai-translate
grafite,,protected
angebotspreise,,ai-translate
angebote,,ai-translate
häufig,,ai-translate
grigio,,protected
öl,,ai-translate
ölflecken,,ai-translate
abgedeckt,,ai-translate
grit,,protected
grotta,,protected
opalfliese,,ai-translate
organisiert,,ai-translate
grå,,protected
originalverpackung,,ai-translate
unbeschädigt,,ai-translate
unbeschädigt,,ai-translate
usa,,ai-translate
unsicher,,ai-translate
betrunken,,ai-translate
verpackt,,ai-translate
kröte,,ai-translate
hocker,,ai-translate
papier,,ai-translate
partikel,,ai-translate
anzüge,,ai-translate
unbekannt,,ai-translate
pdf-dokument,,ai-translate
halvförband,,protected
stelzlager,,ai-translate
stelzlager,,ai-translate
pro,,ai-translate
perfekt,,ai-translate
pergola,,ai-translate
personen,,ai-translate
planung,,ai-translate
pläne,,ai-translate
kunststoffschaufel,,ai-translate
platte,,ai-translate
quadrat,,ai-translate
platten,,ai-translate
fliesen,,ai-translate
fliesen,,ai-translate
bildschirmgröße,,ai-translate
dichtstoff,,ai-translate
taschenbuch,,ai-translate
poliert,,ai-translate
blütenstaub,,ai-translate
polymerverstärkt,,ai-translate
schwimmbecken,,ai-translate
das schwimmbecken,,ai-translate
schwimmbadbereiche,,ai-translate
poolbereiche,,ai-translate
porphyr,,ai-translate
porosität,,ai-translate
potenzial,,ai-translate
inomhus,,protected
genau,,ai-translate
präzise,,ai-translate
präferenzen,,ai-translate
grundierung,,ai-translate
grundierung,,ai-translate
prinzipdetails,,ai-translate
iris,,protected
preis,,ai-translate
preisgarantie,,ai-translate
preisliste,,ai-translate
kostengünstig,,ai-translate
privat,,ai-translate
problem,,ai-translate
prozesse,,ai-translate
produktblatt,,ai-translate
produktzertifikat,,ai-translate
produkt,,ai-translate
produktions-,,ai-translate
produkte,,ai-translate
produktion,,ai-translate
produktionsfehler,,ai-translate
produktkatalog,,ai-translate
projekt,,ai-translate
designunterstützung,,ai-translate
projekts,,ai-translate
konjak,,protected
verhältnisse,,ai-translate
versuch,,ai-translate
probefläche,,ai-translate
prüfprotokoll,,ai-translate
musterplatten,,ai-translate
punktlast,,ai-translate
beeinflusst,,ai-translate
betroffen,,ai-translate
krukor,,protected
rabatte,,ai-translate
gerade,,ai-translate
bereits,,ai-translate
reflektiert,,ai-translate
regel,,ai-translate
standard,,ai-translate
kvarts,,protected
regeln,,ai-translate
empfehlungen,,ai-translate
empfehlen,,ai-translate
empfiehlt,,ai-translate
empfohlen,,ai-translate
empfohlen,,ai-translate
reinigen,,ai-translate
reinigen,,ai-translate
land,,protected
landstone,,protected
lava,,protected
reinigung,,ai-translate
reinigungsmittel,,ai-translate
saniert,,ai-translate
reinigen,,ai-translate
leucos,,protected
kratzfest,,ai-translate
kratzfest,,ai-translate
widerstandsfähig,,ai-translate
restaurants,,ai-translate
ergebnis,,ai-translate
rückgabe,,ai-translate
lime,,protected
rückversand,,ai-translate
lino,,protected
zurückgegeben,,ai-translate
litos,,protected
risiko,,ai-translate
risiko,,ai-translate
ljud,,protected
ljuddämpning,,protected
rostentferner,,ai-translate
rostflecken,,ai-translate
ljusgrå,,protected
doppelbodenplatte,,ai-translate
rollstuhl,,ai-translate
rund,,ai-translate
lokaler,,protected
ausreichend,,ai-translate
stückzahl,,ai-translate
stückzahl,,ai-translate
korrekt,,ai-translate
beratung,,ai-translate
rohstoff,,ai-translate
bewegungsfuge,,ai-translate
bewegungsfugen,,ai-translate
bewegungen,,ai-translate
bewegungsfugen,,ai-translate
längre,,protected
heiliger,,ai-translate
salzhaltig,,ai-translate
långvarig,,protected
salzhaltig,,ai-translate
partner,,ai-translate
madera,,protected
sammeln,,ai-translate
mandorlo,,protected
manhattan,,protected
marina,,protected
sandelholz,,ai-translate
marsili,,protected
materia,,protected
materialet,,protected
investieren,,ai-translate
senioren,,ai-translate
trennen,,ai-translate
serie,,ai-translate
glasiert,,ai-translate
mejla,,protected
ausstellungsraum,,ai-translate
selbst,,ai-translate
sichtbarkeit,,ai-translate
silber,,ai-translate
meteo,,protected
midtown,,protected
abholung,,ai-translate
selbstkostenpreis,,ai-translate
wird,,ai-translate
verletzung,,ai-translate
verletzungen,,ai-translate
erstellen,,ai-translate
schiff,,ai-translate
tritt auf,,ai-translate
sendet,,ai-translate
versand,,ai-translate
unterschied,,ai-translate
skizze,,ai-translate
ersatz,,ai-translate
schaufel,,ai-translate
mista,,protected
geschützt,,ai-translate
schutzausrüstung,,ai-translate
archipel,,ai-translate
verwaltet,,ai-translate
pflege,,ai-translate
modulmönster,,protected
mogano,,protected
schärfen,,ai-translate
schleifen,,ai-translate
moro,,protected
langlebig,,ai-translate
strapazierfähig,,ai-translate
haltbarkeit,,ai-translate
mud,,protected
gefälle,,ai-translate
glatt,,ai-translate
intelligent,,ai-translate
glatt,,ai-translate
schmutz,,ai-translate
schnell,,ai-translate
schneller,,ai-translate
schnellste,,ai-translate
schnell,,ai-translate
schneeweiß,,ai-translate
möjlig,,protected
mörkgrå,,protected
namur,,protected
nature,,protected
abkehren,,ai-translate
art,,ai-translate
sortiment,,ai-translate
fugenabstandshalter,,ai-translate
nightstone,,protected
spezialbehandlung,,ai-translate
nocciolo,,protected
sonderbestellung,,ai-translate
spezialtransport,,ai-translate
nolita,,protected
nordique,,protected
spezifisch,,ai-translate
spezifisch,,ai-translate
nut,,protected
rissbildung,,ai-translate
risse,,ai-translate
stabil,,ai-translate
stabilität,,ai-translate
stabilität,,ai-translate
oak,,protected
stabil,,ai-translate
stetig,,ai-translate
standardmaß,,ai-translate
standardgrößen,,ai-translate
standardlieferung,,ai-translate
standardlieferungen,,ai-translate
standardmaß,,ai-translate
standardgrößen,,ai-translate
standardstärke,,ai-translate
gestapelt,,ai-translate
robust,,ai-translate
robust,,ai-translate
oskadad,,protected
oskadade,,protected
steinoberflächen,,ai-translate
stilrichtung,,ai-translate
stile,,ai-translate
fliesen,,ai-translate
großformatig,,ai-translate
großformatig,,ai-translate
pearl,,protected
format,,ai-translate
formate,,ai-translate
straßenbelag,,ai-translate
struktur,,ai-translate
strukturiert,,ai-translate
strukturiert,,ai-translate
strebt,,ai-translate
plomb,,protected
ständer,,ai-translate
stahl,,ai-translate
stelzlager,,ai-translate
größer,,ai-translate
porfido,,protected
untergrund,,ai-translate
prasio,,protected
precis,,protected
stütze,,ai-translate
kühler,,ai-translate
kühleffekt,,ai-translate
antwort,,ai-translate
reaktionszeit,,ai-translate
privata,,protected
schweden,,ai-translate
härter,,ai-translate
schwung,,ai-translate
sichtbar,,ai-translate
säuren,,ai-translate
rutschfest,,ai-translate
sicherheitssystem,,ai-translate
sicherstellen,,ai-translate
sicherstellen,,ai-translate
rutschfest,,ai-translate
sicher,,ai-translate
verkauft,,ai-translate
insbesondere,,ai-translate
saison,,ai-translate
methode,,ai-translate
bettungssand,,ai-translate
gebrochen,,ai-translate
tabak,,ai-translate
laschen,,ai-translate
quartz,,protected
rabatter,,protected
dachterrassen,,ai-translate
loose,,ai-translate
nimmt,,ai-translate
regelbunden,,protected
technisch,,ai-translate
technisch,,ai-translate
technisch,,ai-translate
temperatur,,ai-translate
temperaturschwankungen,,ai-translate
temperaturschwankungen,,ai-translate
neigung,,ai-translate
terrasse,,ai-translate
terrassen,,ai-translate
prüfung,,ai-translate
geprüft,,ai-translate
oberflächenstrukturen,,ai-translate
zeit,,ai-translate
zeit,,ai-translate
terminvereinbarung,,ai-translate
zeitgesteuert,,ai-translate
zu,,ai-translate
zubehör,,ai-translate
roccia,,protected
bereitgestellt,,ai-translate
ausreichend,,ai-translate
zusammen,,ai-translate
hergestellt,,ai-translate
hergestellt,,ai-translate
rust,,protected
herstellung,,ai-translate
erweiterung,,ai-translate
stunden,,ai-translate
stark,,ai-translate
stark,,ai-translate
sabbia,,protected
stark,,ai-translate
salina,,protected
toleranzen,,ai-translate
sandalo,,protected
oberfläche,,ai-translate
sarawa,,protected
trocken,,ai-translate
verkehrslast,,ai-translate
transportschaden,,ai-translate
stufe,,ai-translate
shell,,protected
sig,,protected
silver,,protected
silverstone,,protected
lkw,,ai-translate
druck,,ai-translate
druckstufe,,ai-translate
holz,,ai-translate
holzterrasse,,ai-translate
holzdetails,,ai-translate
gartenfliesen,,ai-translate
garten,,ai-translate
gartengestaltung,,ai-translate
gartenfliesen,,ai-translate
belag,,ai-translate
holzfliesen,,ai-translate
schwerlast,,ai-translate
schwerlast,,ai-translate
slate,,protected
slavonia,,protected
wie,,ai-translate
gewicht,,ai-translate
typ,,ai-translate
arten,,ai-translate
deutschland,,ai-translate
abdeckungen,,ai-translate
denken,,ai-translate
denken,,ai-translate
widerstehen,,ai-translate
soho,,protected
strapazierfähig,,ai-translate
strapazierfähig,,ai-translate
strapazierfähig,,ai-translate
auftausalz,,ai-translate
ausnahme,,ai-translate
unter,,ai-translate
vorbereitung,,ai-translate
wartung,,ai-translate
pflegeöl,,ai-translate
fundament,,ai-translate
oberfläche,,ai-translate
ermöglicht,,ai-translate
vermeiden,,ai-translate
vermieden,,ai-translate
vermeidet,,ai-translate
ca.,,ai-translate
ungefähr,,ai-translate
einzigartig,,ai-translate
einzigartig,,ai-translate
einzigartig,,ai-translate
standardstorlekar,,protected
standardtjockleken,,protected
staplade,,protected
stark,,protected
stella,,protected
entspricht,,ai-translate
wahrgenommen,,ai-translate
erfahrungen,,ai-translate
stone,,protected
ohne,,ai-translate
außenbereich,,ai-translate
strada,,protected
außenbereich,,ai-translate
außenbelag,,ai-translate
außenfliesen,,ai-translate
außenfliesen,,ai-translate
außenküche,,ai-translate
außenbereiche,,ai-translate
terrasse,,ai-translate
terrasse,,ai-translate
sunstone,,protected
wintergarten,,ai-translate
außenbestuhlung,,ai-translate
basierend auf,,ai-translate
svart,,protected
außenbereich,,ai-translate
außeneinsatz,,ai-translate
außenfliesen,,ai-translate
außenfliesen,,ai-translate
außenbereiche,,ai-translate
untersucht,,ai-translate
anfällig,,ai-translate
tabacco,,protected
optik,,ai-translate
tahiti,,protected
wahl,,ai-translate
wahl,,ai-translate
taupe,,protected
gängig,,ai-translate
gängig,,ai-translate
normalerweise,,ai-translate
beton,,ai-translate
artikel,,ai-translate
werktage,,ai-translate
alltagsgebrauch,,ai-translate
kreatur,,ai-translate
warum,,ai-translate
varianz,,ai-translate
variieren,,ai-translate
variiert,,ai-translate
temperiert,,ai-translate
temperiert,,ai-translate
temperiert,,ai-translate
waren,,ai-translate
waren,,ai-translate
feder,,ai-translate
sanft,,ai-translate
scharfkantig,,ai-translate
wasser,,ai-translate
wasseraufnahme,,ai-translate
wasserkühlung,,ai-translate
wasserbereiche,,ai-translate
wer,,ai-translate
werkzeug,,ai-translate
travertin,,protected
trentino,,protected
tribeca,,protected
videokonferenz,,ai-translate
gewicht,,ai-translate
wichtig,,ai-translate
welche,,ai-translate
welche,,ai-translate
welche,,ai-translate
wünschen,,ai-translate
weinrot,,ai-translate
winkelschleifer,,ai-translate
täcker,,protected
winterfest machen,,ai-translate
winterlagerung,,ai-translate
winterfestigkeit,,ai-translate
winterbedingungen,,ai-translate
angezeigt,,ai-translate
präsentationsumgebungen,,ai-translate
bestimmt,,ai-translate
bestimmt,,ai-translate
upcendre,,protected
upcharbon,,protected
upcrete,,protected
upivoire,,protected
witterungsbeständigkeit,,ai-translate
witterungseinfluss,,ai-translate
wiegt,,ai-translate
streusalz,,ai-translate
schachtabdeckung,,ai-translate
wählen,,ai-translate
wählen,,ai-translate
wählt,,ai-translate
wert,,ai-translate
wert,,ai-translate
hitzebeständig,,ai-translate
wärmeabsorption,,ai-translate
wert,,ai-translate
feuchtigkeit,,ai-translate
flüssigkleber,,ai-translate
feder,,ai-translate
unser,,ai-translate
frühjahrsreinigung,,ai-translate
nass,,ai-translate
nassraum,,ai-translate
netzgewebe,,ai-translate
weiß,,ai-translate
breite,,ai-translate
oberfläche,,ai-translate
oberfläche,,ai-translate
oberflächenklassifizierung,,ai-translate
oberflächen,,ai-translate
vesuvio,,protected
nivelliermasse,,ai-translate
zonen,,ai-translate
älter,,ai-translate
gehäuse,,ai-translate
essig,,ai-translate
auch,,ai-translate
vintage,,protected
rückgängig,,ai-translate
jahr,,ai-translate
jährlich,,ai-translate
jahrzehnte,,ai-translate
rückerstattung,,ai-translate
recycling,,ai-translate
recyceln,,ai-translate
recycelbar,,ai-translate
recycelbar,,ai-translate
augen,,ai-translate
erhöht,,ai-translate
gewünscht,,ai-translate
anfrage,,ai-translate
offen,,ai-translate
überlappung,,ai-translate
restmaterial,,ai-translate
übertrieben,,ai-translate
vereinbarung,,ai-translate
kostenschätzung,,ai-translate
berücksichtigen,,ai-translate
andere,,ai-translate
recycelbar,,ai-translate
revisionsklappe,,ai-translate
verstärkt,,ai-translate
bevorzugt,,ai-translate
spezifikationen,,ai-translate
frostsicher,,ai-translate
überdimensioniert,,ai-translate
kostenvoranschlag,,ai-translate
verschiedenes,,ai-translate
