SE,Unnamed: 1
60x60,
alger,
algmedel,
alla,
altan,
altaner,
alternativ,
andra,
anger,
annat,
använd,
använda,
användas,
används,
arbetsdagar,
attraktivt,
avancerade,
avfettninsgmedel,
avstånd,
balkong,
balkonger,
behov,
behövs,
belastning,
beroende,
beror,
beräknas,
beslut,
beständiga,
betong,
betongen,
betyder,
billigare,
blekna,
blir,
blöta,
boka,
borra,
bort,
brandklassat,
brandkrav,
bränt,
byggmaterial,
byta,
bärlager,
bäst,
bästa,
bättre,
både,
dammas,
danmark,
decennier,
designval,
diamantborr,
diamantklinga,
dina,
direkt,
distanskryss,
ditt,
djup,
drar,
dränerat,
dränering,
dubbelt,
dyrare,
dyrt,
därför,
dölja,
efter,
eftersom,
eller,
enbart,
energi,
enkelt,
enklare,
enlig,
entreprenörer,
erbjuder,
erfarenhet,
estetik,
exempel,
fall,
fasad,
fattar,
fett,
flera,
flesta,
fläckar,
fogar,
fogarna,
fogat,
fogbredd,
folk,
format,
fosforsyra,
frakten,
framtaget,
fritt,
frost,
frostbeständighet,
frostfritt,
frostsäkert,
frosttåliga,
främst,
från,
fundera,
fungerar,
färg,
färger,
färgäkta,
följt,
förbehandlas,
förbereder,
förseglas,
försegling,
försiktigt,
förutsatt,
förvara,
förvarar,
fötter,
garage,
gjorda,
godkänd,
godkända,
golvvärme,
grepp,
grova,
grus,
gräs,
gräv,
guider,
gärna,
gångar,
hala,
halkskydd,
halkskyddade,
halkskyddande,
halksäker,
halksäkra,
hela,
helst,
helt,
hemleverans,
hemmabruk,
hjälpa,
hjälper,
hushållskemikalier,
hämta,
händig,
hänsyn,
hänvisa,
håll,
hålla,
hållbara,
hållbarhet,
hållbart,
håller,
hållfasthet,
hård,
hårda,
högre,
högsta,
högtryckstvätt,
högtryckstvätta,
höjd,
idealiska,
impregnera,
impregnering,
inbärning,
ingen,
initiala,
inköp,
innan,
inomhusklinker,
installation,
installationer,
installera,
instruktionsfilmer,
investeringen,
istället,
italien,
justerbara,
jämfört,
jämn,
jämna,
jämnt,
kapa,
kapar,
kapning,
kassan,
kemikalier,
keramik,
klarar,
klass,
klassning,
klimat,
klinker,
klinkerdäck,
klinkerdäcket,
klinkern,
klinkerplatta,
klinkerplattor,
klinkers,
klister,
klor,
kombinera,
kombineras,
kompakt,
kompatibla,
konsumenter,
kontakta,
kontrast,
kontrollera,
korrekt,
kostar,
kostnad,
kostnaden,
krossmaterial,
kräver,
krävs,
kvalitet,
kvalité,
kännas,
kännetecknas,
känsla,
känsliga,
köper,
lager,
lagerstatus,
leveranstiden,
leverera,
levererar,
ligga,
ligger,
lika,
limma,
liten,
ljusa,
look,
lyfta,
lägg,
lägga,
läggas,
lägger,
läggning,
läggs,
lägre,
lämpar,
lämpligt,
lämpligtvis,
länge,
lätt,
lätta,
lättare,
lättskött,
låga,
lågt,
lång,
lösa,
lösande,
marken,
material,
matt,
medan,
medelhögt,
mellan,
mildt,
miljö,
miljöer,
miljövänligt,
mindre,
minskar,
minst,
modern,
montering,
mossa,
motivera,
motståndskraftig,
motståndskraftiga,
munstycke,
mycket,
många,
mönster,
nackdelar,
naturlig,
naturligt,
natursten,
nordiskt,
norm,
normalt,
nätet,
något,
obrännbart,
offentlig,
offentliga,
ofta,
olika,
olja,
områden,
ordnar,
originalförpackningen,
osäker,
packad,
paddas,
partiklar,
passar,
perfekta,
pergola,
planer,
platta,
plattan,
plattans,
plattor,
plattorna,
polerade,
pool,
poolen,
poolområden,
porositet,
preferenser,
prima,
primer,
pris,
prisvärt,
problem,
prova,
påverkas,
reflekterar,
rekommendera,
rekommenderas,
rena,
rengöra,
rengöring,
rengöringen,
rengöringsmedel,
rent,
repor,
resistenta,
resultat,
risk,
rost,
runt,
räcker,
rätt,
rådgivning,
råmaterial,
rörelse,
salt,
salta,
samarbetspartners,
samlas,
samma,
samt,
sand,
sandbädden,
satsa,
showroom,
sikt,
själv,
skada,
skapa,
skickar,
skillnad,
skärgården,
sköter,
slitage,
slitstarka,
slitstyrka,
släta,
smart,
smidigt,
smuts,
snabbare,
solljus,
sort,
sortimentet,
sparad,
specialbehandling,
specialtransport,
specialverktyg,
specifika,
stabilt,
stadigt,
starka,
stilar,
stor,
stora,
storlek,
struktur,
strukturerade,
största,
suger,
svalare,
svalka,
sverige,
svårare,
syns,
syror,
säkerställ,
säljer,
särskilt,
sätt,
sättsand,
sönder,
tack,
tappa,
temperatur,
temperaturförändringar,
terrass,
terrasser,
texturer,
tiden,
till,
tillsammans,
tillverkning,
tjock,
tjocka,
tjockt,
tomtgräns,
torrt,
trafik,
trots,
tryck,
trädgådklinker,
trädgården,
trädgårdsdesign,
trädgårdsklinker,
trädäck,
tung,
tvärtom,
tycker,
tyngd,
typer,
tyskland,
tänk,
tänka,
tåla,
tåliga,
tåligt,
tösalt,
under,
underhåll,
underhållsolja,
underlag,
underlaget,
undvik,
undviker,
unik,
unika,
unikt,
uppfarter,
uppfyller,
upplever,
utan,
utegolv,
uteklinker,
uteklinkler,
utekök,
uteplats,
uteplatsen,
uteplatser,
uterum,
utmärkt,
utomhus,
utomhusbruk,
utomhusklinker,
utomhusplattor,
utseende,
utseendet,
valet,
vanlig,
vanliga,
vanligt,
vara,
vare,
varför,
variation,
varm,
varmt,
vatten,
vattenabsorption,
vattenkylning,
verktyg,
vikt,
viktigt,
vilken,
vilket,
vinkelslip,
vinterförvara,
vintern,
vintrar,
visas,
visningsmiljöer,
vissa,
väderbeständiga,
väderbeständighet,
väderpåverkan,
väger,
vägsalt,
välj,
välja,
väljer,
värde,
värdet,
värmetåliga,
värmeupptagningen,
värt,
vätska,
våra,
våta,
våtrum,
ytan,
ytklassificeringen,
ytor,
ytstrukturer,
zero,
zoner,
även,
året,
återvinna,
återvinningsbara,
återvinningsbart,
över,
överblivna,
överenskommelse,
överväg,
60x120,
80x80,
90x90,
100x100,
120x120,
40x80,
45x90,
100 mm,MERGED
100x100,MERGED
120 mm,MERGED
120x120,MERGED
120x240,MERGED
125 mm,MERGED
140 mm,MERGED
170 mm,MERGED
185 mm,MERGED
205 mm,MERGED
20x120,MERGED
215 mm,MERGED
225 mm,MERGED
230 mm,MERGED
235 mm,MERGED
250 mm,MERGED
270 mm,MERGED
275 mm,MERGED
300 mm,MERGED
30x120,MERGED
315 mm,MERGED
325 mm,MERGED
330 mm,MERGED
345 mm,MERGED
355 mm,MERGED
365 mm,MERGED
385 mm,MERGED
400 mm,MERGED
40x120,MERGED
40x180,MERGED
40x80,MERGED
430x120,MERGED
440x120,MERGED
455 mm,MERGED
45x90,MERGED
4x120,MERGED
4x60,MERGED
500 mm,MERGED
550 mm,MERGED
560x60,MERGED
60x120,MERGED
60x60,MERGED
80x180,MERGED
80x80,MERGED
860x60,MERGED
8x120,MERGED
90x90,MERGED
ce-märkning,MERGED
uv-tålig,MERGED
absorberande,MERGED
accepterar,MERGED
access,MERGED
accessory,MERGED
adjustment,MERGED
adress,MERGED
agate,MERGED
aktuell,MERGED
aktuella,MERGED
albero,MERGED
algborttagare,MERGED
alkaliska,MERGED
alltid,MERGED
alpine,MERGED
and,MERGED
andningsskydd,MERGED
anges,MERGED
anmäl,MERGED
anmälas,MERGED
anniversario,MERGED
anpassad,MERGED
anpassade,MERGED
anpassat,MERGED
antal,MERGED
antique,MERGED
antracite,MERGED
antracitgrå,MERGED
användning,MERGED
ardesia,MERGED
argresia,MERGED
astra,MERGED
att,MERGED
avana,MERGED
avfettningsmedel,MERGED
avger,MERGED
avisering,MERGED
avslutar,MERGED
avtorkning,MERGED
badda,MERGED
bakgavellift,MERGED
balancepro,MERGED
bankdagar,MERGED
barn,MERGED
barnens,MERGED
barnleksaker,MERGED
basalto,MERGED
baserat,MERGED
bearbetade,MERGED
bedömning,MERGED
befintlig,MERGED
begär,MERGED
begäran,MERGED
behandlas,MERGED
behålla,MERGED
behöver,MERGED
beige,MERGED
bekostas,MERGED
bekräftelse,MERGED
belysning,MERGED
beläggningar,MERGED
beräkning,MERGED
beställ,MERGED
beställning,MERGED
betalningsmetoder,MERGED
betalpartner,MERGED
betalpartners,MERGED
beton,MERGED
betongplatta,MERGED
bevarar,MERGED
bianco,MERGED
bilder,MERGED
black,MERGED
bleks,MERGED
bli,MERGED
bly,MERGED
blöt,MERGED
bocote,MERGED
bone,MERGED
borsta,MERGED
borste,MERGED
bra,MERGED
brand,MERGED
brandsäkert,MERGED
brandsäkra,MERGED
branschpraxis,MERGED
brett,MERGED
bruges,MERGED
brun,MERGED
butiker,MERGED
byggprojekt,MERGED
byggstandarder,MERGED
byten,MERGED
bädd,MERGED
bärande,MERGED
bärig,MERGED
bör,MERGED
calcite,MERGED
canapa,MERGED
carved,MERGED
cement,MERGED
cemento,MERGED
cenere,MERGED
certifierade,MERGED
chevry,MERGED
clay,MERGED
co2,MERGED
cobolo,MERGED
controlling,MERGED
correct,MERGED
corrector,MERGED
cortina,MERGED
cream,MERGED
crono,MERGED
cykelställ,MERGED
dagar,MERGED
dagsljus,MERGED
dark,MERGED
datablad,MERGED
delar,MERGED
delbetala,MERGED
delbetalning,MERGED
dem,MERGED
den,MERGED
design,MERGED
destination,MERGED
det,MERGED
detachable,MERGED
detaljprojektering,MERGED
detta,MERGED
diagonal,MERGED
diaspro,MERGED
digitalt,MERGED
distansköp,MERGED
doga,MERGED
dokument,MERGED
dokumentation,MERGED
dokumentera,MERGED
dome,MERGED
dränerande,MERGED
dune,MERGED
därefter,MERGED
efterbehandla,MERGED
efterfyllas,MERGED
element,MERGED
endast,MERGED
enkel,MERGED
enklast,MERGED
enligt,MERGED
entr,MERGED
epd,MERGED
erbjudas,MERGED
ersättning,MERGED
estetiskt,MERGED
etna,MERGED
ett,MERGED
europeisk,MERGED
evo,MERGED
exakt,MERGED
exakta,MERGED
exempelbilder,MERGED
exempelvis,MERGED
extension,MERGED
faktura,MERGED
fasade,MERGED
felaktig,MERGED
finland,MERGED
finnas,MERGED
finns,MERGED
fiskben,MERGED
fix,MERGED
fler,MERGED
fog,MERGED
fogsand,MERGED
fonce,MERGED
for,MERGED
form,MERGED
fot,MERGED
frakt,MERGED
fraktkostnaden,MERGED
framgår,MERGED
framkomlighet,MERGED
fri,MERGED
friktion,MERGED
friktionen,MERGED
frostskydd,MERGED
frostskyddslager,MERGED
frågar,MERGED
frågor,MERGED
fyll,MERGED
färdigbehandlade,MERGED
färgen,MERGED
färgprover,MERGED
färgstabila,MERGED
färgupplevelsen,MERGED
följ,MERGED
följande,MERGED
följer,MERGED
för,MERGED
förband,MERGED
fördelad,MERGED
förebygger,MERGED
förfrågan,MERGED
försiktighet,MERGED
förslag,MERGED
först,MERGED
förutsättningar,MERGED
garanti,MERGED
gaser,MERGED
gelso,MERGED
generella,MERGED
genomsnitt,MERGED
gent,MERGED
geo,MERGED
ger,MERGED
ges,MERGED
giftiga,MERGED
giltighetstid,MERGED
glas,MERGED
gnistor,MERGED
god,MERGED
godkänns,MERGED
grafite,MERGED
grey,MERGED
greyge,MERGED
grid,MERGED
grigio,MERGED
grill,MERGED
grillar,MERGED
gris,MERGED
grit,MERGED
grotta,MERGED
grundrengör,MERGED
grusunderlag,MERGED
grå,MERGED
gröna,MERGED
gummipads,MERGED
gällande,MERGED
gäller,MERGED
gånger,MERGED
går,MERGED
gör,MERGED
halkmotstånd,MERGED
halkskyddad,MERGED
halkskyddat,MERGED
halkskyddet,MERGED
halkskyddstejp,MERGED
halksäkerheten,MERGED
hallar,MERGED
halvförband,MERGED
halvmatt,MERGED
handlingar,MERGED
handskar,MERGED
hanterar,MERGED
hanteras,MERGED
hantering,MERGED
har,MERGED
height,MERGED
hellre,MERGED
hemsida,MERGED
hjälp,MERGED
hur,MERGED
hållbarheten,MERGED
hög,MERGED
höga,MERGED
högtrafikerade,MERGED
högtryck,MERGED
höjder,MERGED
höjdintervall,MERGED
hörsel,MERGED
ihop,MERGED
individuell,MERGED
inga,MERGED
inget,MERGED
ingår,MERGED
inkluderar,MERGED
inom,MERGED
inomhus,MERGED
inspektera,MERGED
inspirationsbilder,MERGED
instruktion,MERGED
instruktionerna,MERGED
inte,MERGED
intervall,MERGED
iris,MERGED
isbildning,MERGED
jag,MERGED
joint,MERGED
kalibreras,MERGED
kalibreringstoleransen,MERGED
kan,MERGED
kant,MERGED
kanter,MERGED
kanterna,MERGED
kantlist,MERGED
kantstöd,MERGED
kapas,MERGED
keramiska,MERGED
keramiskt,MERGED
key,MERGED
kommer,MERGED
kommersiella,MERGED
kompletteringar,MERGED
konjak,MERGED
konkurrenskraftiga,MERGED
konstruktionen,MERGED
kontaktar,MERGED
kontrastlist,MERGED
kopia,MERGED
kort,MERGED
kreditprövning,MERGED
kring,MERGED
krukor,MERGED
kulör,MERGED
kulörer,MERGED
kunden,MERGED
kundservice,MERGED
kundtyp,MERGED
kvadratmeter,MERGED
kvarts,MERGED
kvällsleverans,MERGED
kyla,MERGED
kök,MERGED
köp,MERGED
köpet,MERGED
ladda,MERGED
lag,MERGED
lagt,MERGED
land,MERGED
landstone,MERGED
lava,MERGED
leda,MERGED
lek,MERGED
leka,MERGED
letar,MERGED
leucos,MERGED
leverans,MERGED
leveransadress,MERGED
leveranssätt,MERGED
leveranstid,MERGED
levereras,MERGED
light,MERGED
lime,MERGED
limmas,MERGED
lino,MERGED
listan,MERGED
litos,MERGED
livslängd,MERGED
livslängden,MERGED
ljud,MERGED
ljuddämpning,MERGED
ljudreduktion,MERGED
ljus,MERGED
ljusgrå,MERGED
lock,MERGED
locking,MERGED
lokala,MERGED
lokaler,MERGED
lossas,MERGED
luois,MERGED
lutande,MERGED
lägen,MERGED
läggningsmönster,MERGED
lämna,MERGED
lämnar,MERGED
lämplig,MERGED
lämpliga,MERGED
länder,MERGED
längre,MERGED
lättstädat,MERGED
låg,MERGED
långvarig,MERGED
löpande,MERGED
löst,MERGED
madera,MERGED
man,MERGED
mandorlo,MERGED
manhattan,MERGED
marina,MERGED
markera,MERGED
marsili,MERGED
materia,MERGED
materialet,MERGED
materialmöten,MERGED
materialåtgång,MERGED
mattor,MERGED
med,MERGED
medel,MERGED
mejla,MERGED
men,MERGED
mer,MERGED
mest,MERGED
metallskyffel,MERGED
meteo,MERGED
midtown,MERGED
mild,MERGED
milda,MERGED
miljöbyggnation,MERGED
miljöcertifierade,MERGED
miljöhänsyn,MERGED
miljökrav,MERGED
miljön,MERGED
miljövarudeklaration,MERGED
miljövänliga,MERGED
milt,MERGED
minimerad,MERGED
minipro,MERGED
minska,MERGED
missfärgas,MERGED
mista,MERGED
mix,MERGED
mjuk,MERGED
mjukare,MERGED
modell,MERGED
modeller,MERGED
modulmönster,MERGED
mogano,MERGED
monica,MERGED
montörer,MERGED
moro,MERGED
mot,MERGED
motståndskraftigt,MERGED
mottagning,MERGED
mud,MERGED
mängdrabatt,MERGED
märken,MERGED
märkning,MERGED
märkt,MERGED
måste,MERGED
mått,MERGED
måttsatt,MERGED
möbelben,MERGED
möbeltassar,MERGED
möbler,MERGED
möjlig,MERGED
mörkgrå,MERGED
namur,MERGED
nature,MERGED
naturinspirerade,MERGED
nej,MERGED
ner,MERGED
neutrala,MERGED
nightstone,MERGED
nivåskillnader,MERGED
nocciolo,MERGED
noggrant,MERGED
noir,MERGED
nolita,MERGED
nordique,MERGED
normal,MERGED
nuit,MERGED
nut,MERGED
när,MERGED
närmast,MERGED
närmaste,MERGED
någon,MERGED
några,MERGED
oak,MERGED
obrännbara,MERGED
och,MERGED
offereras,MERGED
offert,MERGED
offerten,MERGED
offertens,MERGED
offerter,MERGED
oljefläckar,MERGED
omfattas,MERGED
omfattning,MERGED
opal,MERGED
originalförpackning,MERGED
oskadad,MERGED
oskadade,MERGED
oss,MERGED
packas,MERGED
pall,MERGED
papper,MERGED
pbp10,MERGED
pdf,MERGED
pearl,MERGED
pedestal,MERGED
pedestals,MERGED
per,MERGED
personer,MERGED
plan,MERGED
plastskyffel,MERGED
plattstorlek,MERGED
plomb,MERGED
pocket,MERGED
pollen,MERGED
polymerförstärkt,MERGED
poolmiljöer,MERGED
porfido,MERGED
potentiellt,MERGED
prasio,MERGED
precis,MERGED
precise,MERGED
principdetaljer,MERGED
priset,MERGED
prisgaranti,MERGED
prislista,MERGED
privata,MERGED
processer,MERGED
produktblad,MERGED
produktcertifikat,MERGED
produkten,MERGED
produktens,MERGED
produkterna,MERGED
produktionen,MERGED
produktionsfel,MERGED
produktkatalog,MERGED
projekt,MERGED
projekteringsstöd,MERGED
projektets,MERGED
prolunga,MERGED
proportioner,MERGED
provlägga,MERGED
provningsprotokoll,MERGED
provplattor,MERGED
punktvärme,MERGED
påverkar,MERGED
quartz,MERGED
rabatter,MERGED
rakt,MERGED
redan,MERGED
regel,MERGED
regelbunden,MERGED
regioner,MERGED
regler,MERGED
rekommendationer,MERGED
rekommenderar,MERGED
rekommenderat,MERGED
ren,MERGED
rengör,MERGED
renoveras,MERGED
reptålig,MERGED
reptåliga,MERGED
restauranger,MERGED
retur,MERGED
returfrakt,MERGED
returfrakten,MERGED
returnerar,MERGED
returneras,MERGED
ring,MERGED
risken,MERGED
roccia,MERGED
rostborttagningsmedel,MERGED
rostfläckar,MERGED
rotational,MERGED
rullator,MERGED
rullstol,MERGED
rust,MERGED
räkna,MERGED
räknar,MERGED
rörelsefogar,MERGED
rörelser,MERGED
rörelsezoner,MERGED
sabbia,MERGED
saint,MERGED
salina,MERGED
samband,MERGED
sandalo,MERGED
santa,MERGED
sarawa,MERGED
seniorer,MERGED
separat,MERGED
serien,MERGED
sett,MERGED
shell,MERGED
sig,MERGED
silver,MERGED
silverstone,MERGED
självhämtning,MERGED
självkostnad,MERGED
ska,MERGED
skador,MERGED
ske,MERGED
sker,MERGED
skickas,MERGED
skiss,MERGED
skona,MERGED
skotta,MERGED
skydda,MERGED
skyddade,MERGED
skyddsutrustning,MERGED
skötsel,MERGED
slate,MERGED
slavonia,MERGED
slipas,MERGED
slipning,MERGED
slitstarkt,MERGED
slope,MERGED
slopes,MERGED
snabba,MERGED
snabbast,MERGED
snabbt,MERGED
snö,MERGED
soho,MERGED
sol,MERGED
som,MERGED
sopning,MERGED
spacer,MERGED
specialbeställda,MERGED
specialorder,MERGED
speciell,MERGED
specifik,MERGED
spricka,MERGED
sprickbildning,MERGED
sprickor,MERGED
stabila,MERGED
stabiliteten,MERGED
stability,MERGED
stabilize,MERGED
standard,MERGED
standardformat,MERGED
standardleverans,MERGED
standardleveranser,MERGED
standardmått,MERGED
standardstorlekar,MERGED
standardtjockleken,MERGED
staplade,MERGED
stark,MERGED
stella,MERGED
sten,MERGED
stenytor,MERGED
stil,MERGED
stone,MERGED
storbritannien,MERGED
storlekar,MERGED
strada,MERGED
strukturerad,MERGED
strävar,MERGED
städa,MERGED
stå,MERGED
stål,MERGED
står,MERGED
större,MERGED
substrate,MERGED
sunstone,MERGED
support,MERGED
svara,MERGED
svarstid,MERGED
svart,MERGED
swish,MERGED
säker,MERGED
säkerhet,MERGED
säkerställa,MERGED
säkert,MERGED
säkra,MERGED
säsong,MERGED
tabacco,MERGED
tabs,MERGED
tahiti,MERGED
takterrasser,MERGED
tar,MERGED
taupe,MERGED
teknisk,MERGED
tekniska,MERGED
tekniskt,MERGED
temperaturväxlingar,MERGED
tenderar,MERGED
testa,MERGED
testas,MERGED
tid,MERGED
tidsbokning,MERGED
tidsstyrd,MERGED
tillbehör,MERGED
tillgängliga,MERGED
tillhandahållas,MERGED
tillräckligt,MERGED
tillverkade,MERGED
tillverkas,MERGED
tillverkningen,MERGED
tillägg,MERGED
timmar,MERGED
tjocklek,MERGED
toleranser,MERGED
toleranserna,MERGED
top,MERGED
torr,MERGED
transportskada,MERGED
trappsteg,MERGED
travertin,MERGED
trentino,MERGED
tribeca,MERGED
truck,MERGED
trycknivå,MERGED
trä,MERGED
träaltan,MERGED
trädetaljer,MERGED
träklinker,MERGED
tunga,MERGED
twist,MERGED
typ,MERGED
täcker,MERGED
tål,MERGED
tålig,MERGED
undantag,MERGED
underarbete,MERGED
underlättar,MERGED
undvikas,MERGED
ungefär,MERGED
ungefärlig,MERGED
upcendre,MERGED
upcharbon,MERGED
upcrete,MERGED
upivoire,MERGED
upplevas,MERGED
uppstå,MERGED
utanför,MERGED
utbyte,MERGED
ute,MERGED
utemiljöer,MERGED
uteserveringar,MERGED
utifrån,MERGED
utomhusytor,MERGED
utreder,MERGED
utsatta,MERGED
vad,MERGED
val,MERGED
vanligtvis,MERGED
varan,MERGED
vardagar,MERGED
vardagsanvändning,MERGED
variera,MERGED
varierar,MERGED
varma,MERGED
varor,MERGED
varorna,MERGED
vars,MERGED
varsamt,MERGED
vassa,MERGED
vattenmiljöer,MERGED
vem,MERGED
vesuvio,MERGED
via,MERGED
vid,MERGED
videomöte,MERGED
vilka,MERGED
vill,MERGED
vin,MERGED
vintage,MERGED
vinterförvaring,MERGED
viss,MERGED
vit,MERGED
volym,MERGED
volymrabatter,MERGED
väl,MERGED
väta,MERGED
vår,MERGED
vårstädning,MERGED
webb,MERGED
white,MERGED
width,MERGED
yta,MERGED
äldre,MERGED
ärendet,MERGED
ättika,MERGED
ångerrätt,MERGED
ångra,MERGED
årligen,MERGED
årtionden,MERGED
återbetalning,MERGED
återvinnas,MERGED
ögon,MERGED
ökad,MERGED
önskad,MERGED
önskemål,MERGED
öppet,MERGED
överdriven,MERGED
överslagsberäkning,MERGED
övrigt,MERGED
