{
  "SE_PED": [
    {
      "question_se": "Vilka höjder på fötter har ni?",
      "answer_se": "Vi erbjuder fötter med följande höjdintervall: 28-38, 37.5-50, 50-75, 75-120, 120-170, 170-215, 140-230, 185-275, 235-325, 205-345, 250-385, 300-400, 270-455, 315-500, 365-550, 25-50, 50-75, 75-125, 125-225.",
      "source": "specs_pedestals.json",
      "category": "piedestaler"
    },
    {
      "question_se": "Jag har en specifik höjd, t.ex. 40 mm eller 355 mm, vilken fot ska jag välja?",
      "answer_se": "Kontrollera vilken höjd du har och välj den fot vars justerbara intervall täcker detta mått. Exempel: 40 mm → 35–50 mm, 355 mm → 330–550 mm.",
      "source": "specs_pedestals.json",
      "category": "piedestaler"
    },
    {
      "question_se": "Vilket tillbehör används: Adjustment Key?",
      "answer_se": "Key for precise height adjustment of SE pedestals.",
      "source": "specs_pedestals.json",
      "category": "verktyg och tillbehör"
    },
    {
      "question_se": "Vilket tillbehör används: Slope Corrector 0-5%?",
      "answer_se": "Accessory to correct substrate slopes up to 5% for SE pedestals.",
      "source": "specs_pedestals.json",
      "category": "verktyg och tillbehör"
    },
    {
      "question_se": "Vilket tillbehör används: Spacer Tabs 2/3/4 mm?",
      "answer_se": "Detachable spacer tabs for controlling joint width.",
      "source": "specs_pedestals.json",
      "category": "verktyg och tillbehör"
    },
    {
      "question_se": "Vilket tillbehör används: Pocket Key?",
      "answer_se": "Key for top-access adjustment of MiniPro and BalancePro pedestals.",
      "source": "specs_pedestals.json",
      "category": "verktyg och tillbehör"
    },
    {
      "question_se": "Vilket tillbehör används: Twist Lock Ring?",
      "answer_se": "Rotational locking ring for pedestal stability.",
      "source": "specs_pedestals.json",
      "category": "verktyg och tillbehör"
    },
    {
      "question_se": "Vilket tillbehör används: Fix Ring?",
      "answer_se": "Ring accessory to fix and stabilize BalancePro pedestals.",
      "source": "specs_pedestals.json",
      "category": "verktyg och tillbehör"
    },
    {
      "question_se": "Vilket tillbehör används: Dome Extension 25 mm?",
      "answer_se": "25 mm extension element for MiniPro and BalancePro pedestals.",
      "source": "specs_pedestals.json",
      "category": "verktyg och tillbehör"
    },
    {
      "question_se": "Vilket tillbehör används: Prolunga PBP10 100 mm?",
      "answer_se": "100 mm extension for BalancePro 125–225 mm pedestal.",
      "source": "specs_pedestals.json",
      "category": "verktyg och tillbehör"
    }
  ]
}