[
  {
    "question_se": "Vilka färger finns i serien Lava?",
    "answer_se": "Följande färger finns i Lava:\n- Etna (Övrigt) – format: 430x120\n- Marsili (Övrigt) – format: 430x120\n- Salina (Övrigt) – format: 430x120\n- Vesuvio (Övrigt) – format: 430x120",
    "source": "prontokakel.starwebserver.se",
    "category": "Färger"
  },
  {
    "question_se": "Vilka färger finns i serien Albero?",
    "answer_se": "Följande färger finns i serien Albero: Gelso, Mandorlo, Nocciolo … Vill du se fler?",
    "source": "prontokakel.starwebserver.se",
    "category": "Färger",
    "answer_full_se": "Följande färger finns i Albero:\n- Gelso (Övrigt) – format: 20x120, 40x120, 60x60, 80x180, 80x80\n- Mandorlo (Övrigt) – format: 20x120, 40x120, 60x60, 80x180, 80x80\n- Nocciolo (Övrigt) – format: 20x120, 40x120, 60x60, 80x180, 80x80"
  },
  {
    "question_se": "Vilka färger finns i serien Alpine?",
    "answer_se": "Följande färger finns i serien Alpine: Bocote, Cobolo, Mix Dark Chevry … Vill du se fler?",
    "source": "prontokakel.starwebserver.se",
    "category": "Färger",
    "answer_full_se": "Följande färger finns i Alpine:\n- Bocote (Övrigt) – format: 20x120, 40x120, 60x60, 80x180, 80x80\n- Cobolo (Övrigt) – format: 120x240, 20x120, 30x120, 40x120, 60x120, 60x60, 80x180, 80x80\n- Mix Dark Chevry (Övrigt) – format: 120x240, 20x120, 30x120, 40x120, 60x120, 60x60, 80x180, 80x80\n- Mogano (Övrigt) – format: 120x240, 20x120, 30x120, 40x120, 60x120, 60x60, 80x180, 80x80\n- Sarawa (Övrigt) – format: 120x240, 20x120, 30x120, 40x120, 60x120, 60x60, 80x180, 80x80\n- Sarawa Chevry (Övrigt) – format: 120x240, 20x120, 30x120, 40x120, 60x120, 60x60, 80x180, 80x80\n- Slavonia (Övrigt) – format: 120x240, 20x120, 30x120, 40x120, 60x120, 60x60, 80x180, 80x80\n- Slavonia Chevry (Övrigt) – format: 120x240, 20x120, 30x120, 40x120, 60x120, 60x60, 80x180, 80x80"
  },
  {
    "question_se": "Vilka färger finns i serien Anniversario?",
    "answer_se": "Följande färger finns i Anniversario:\n- Grå (Övrigt)\n- Ljusgrå (Övrigt)\n- Mörkgrå (Övrigt)",
    "source": "prontokakel.starwebserver.se",
    "category": "Färger"
  },
  {
    "question_se": "Vilka färger finns i serien Antique?",
    "answer_se": "Följande färger finns i serien Antique: Dune Carved, Nuit Carved, Opal Carved … Vill du se fler?",
    "source": "prontokakel.starwebserver.se",
    "category": "Färger",
    "answer_full_se": "Följande färger finns i Antique:\n- Dune Carved (Övrigt) – format: 20x120, 40x120, 60x60, 80x180, 80x80\n- Nuit Carved (Övrigt) – format: 20x120, 40x120, 60x60, 80x180, 80x80\n- Opal Carved (Övrigt) – format: 20x120, 40x120, 60x60, 80x180, 80x80\n- Taupe Carved (Beige) – format: 20x120, 40x120, 60x60, 80x180, 80x80"
  },
  {
    "question_se": "Vilka färger finns i serien Ardesia?",
    "answer_se": "Följande färger finns i serien Ardesia: Bianco, Cenere, Grigio … Vill du se fler?",
    "source": "prontokakel.starwebserver.se",
    "category": "Färger",
    "answer_full_se": "Följande färger finns i Ardesia:\n- Bianco (Vit) – format: 20x120, 40x120, 60x60, 80x180, 80x80\n- Cenere (Övrigt) – format: 20x120, 40x120, 60x60, 80x180, 80x80\n- Grigio (Grå) – format: 20x120, 40x120, 60x60, 80x180, 80x80\n- Taupe (Beige) – format: 20x120, 40x120, 60x60, 80x180, 80x80"
  },
  {
    "question_se": "Vilka färger finns i serien Argresia?",
    "answer_se": "Följande färger finns i Argresia:\n- Svart (Övrigt) – format: 430x120",
    "source": "prontokakel.starwebserver.se",
    "category": "Färger"
  },
  {
    "question_se": "Vilka färger finns i serien Beton?",
    "answer_se": "Följande färger finns i serien Beton: Cemento, Cenere, Sandalo … Vill du se fler?",
    "source": "prontokakel.starwebserver.se",
    "category": "Färger",
    "answer_full_se": "Följande färger finns i Beton:\n- Cemento (Övrigt) – format: 120x240, 20x120, 30x120, 40x120, 60x120, 60x60, 80x180, 80x80\n- Cenere (Övrigt) – format: 120x240, 20x120, 30x120, 40x120, 60x120, 60x60, 80x180, 80x80\n- Sandalo (Beige) – format: 120x240, 20x120, 30x120, 40x120, 60x120, 60x60, 80x180, 80x80"
  },
  {
    "question_se": "Vilka färger finns i serien Cemento?",
    "answer_se": "Följande färger finns i serien Cemento: Clay, Grit, Land … Vill du se fler?",
    "source": "prontokakel.starwebserver.se",
    "category": "Färger",
    "answer_full_se": "Följande färger finns i Cemento:\n- Clay (Brun) – format: 20x120, 40x120, 60x60, 80x180, 80x80\n- Grit (Övrigt) – format: 20x120, 40x120, 60x60, 80x180, 80x80\n- Land (Övrigt) – format: 20x120, 40x120, 60x60, 80x180, 80x80\n- Lime (Övrigt) – format: 20x120, 40x120, 60x60, 80x180, 80x80\n- Rust (Övrigt) – format: 20x120, 40x120, 60x60, 80x180, 80x80"
  },
  {
    "question_se": "Vilka färger finns i serien Cortina?",
    "answer_se": "Följande färger finns i serien Cortina: Basalto, Calcite, Cenere … Vill du se fler?",
    "source": "prontokakel.starwebserver.se",
    "category": "Färger",
    "answer_full_se": "Följande färger finns i Cortina:\n- Basalto (Grå) – format: 20x120, 40x120, 60x60, 80x180, 80x80\n- Calcite (Övrigt) – format: 20x120, 40x120, 60x60, 80x180, 80x80\n- Cenere (Övrigt) – format: 20x120, 40x120, 60x60, 80x180, 80x80\n- Sabbia (Övrigt) – format: 20x120, 40x120, 60x60, 80x180, 80x80"
  },
  {
    "question_se": "Vilka färger finns i serien Grotta?",
    "answer_se": "Följande färger finns i serien Grotta: Porfido, Silver Black, Silver White … Vill du se fler?",
    "source": "prontokakel.starwebserver.se",
    "category": "Färger",
    "answer_full_se": "Följande färger finns i Grotta:\n- Porfido (Övrigt) – format: 20x120, 40x120, 60x60, 80x180, 80x80\n- Silver Black (Grå) – format: 20x120, 40x120, 60x60, 80x180, 80x80\n- Silver White (Grå) – format: 20x120, 40x120, 60x60, 80x180, 80x80"
  },
  {
    "question_se": "Vilka färger finns i serien Iris?",
    "answer_se": "Följande färger finns i serien Iris: Astra, Crono, Geo … Vill du se fler?",
    "source": "prontokakel.starwebserver.se",
    "category": "Färger",
    "answer_full_se": "Följande färger finns i Iris:\n- Astra (Övrigt) – format: 20x120, 40x120, 60x60, 80x180, 80x80\n- Crono (Övrigt) – format: 20x120, 40x120, 60x60, 80x180, 80x80\n- Geo (Övrigt) – format: 20x120, 40x120, 60x60, 80x180, 80x80\n- Leucos (Vit) – format: 20x120, 40x120, 60x60, 80x180, 80x80\n- Litos (Övrigt) – format: 20x120, 40x120, 60x60, 80x180, 80x80"
  },
  {
    "question_se": "Vilka färger finns i serien Kvarts?",
    "answer_se": "Följande färger finns i Kvarts:\n- Grå (Övrigt) – format: 100x100, 40x120, 40x180, 440x120, 45x90, 560x60, 60x120, 60x60, 80x80, 860x60, 90x90",
    "source": "prontokakel.starwebserver.se",
    "category": "Färger"
  },
  {
    "question_se": "Vilka färger finns i serien Manhattan?",
    "answer_se": "Följande färger finns i Manhattan:\n- Midtown (Övrigt) – format: 430x120\n- Nolita (Övrigt) – format: 430x120\n- Soho (Övrigt) – format: 430x120\n- Tribeca (Övrigt) – format: 430x120",
    "source": "prontokakel.starwebserver.se",
    "category": "Färger"
  },
  {
    "question_se": "Vilka färger finns i serien Materia?",
    "answer_se": "Följande färger finns i Materia:\n- Upcendre (Övrigt) – format: 430x120\n- Upcharbon (Övrigt) – format: 430x120\n- Upcrete (Övrigt) – format: 430x120\n- Upivoire (Övrigt) – format: 430x120",
    "source": "prontokakel.starwebserver.se",
    "category": "Färger"
  },
  {
    "question_se": "Vilka färger finns i serien Meteo?",
    "answer_se": "Följande färger finns i Meteo:\n- Dark (Övrigt) – format: 430x120\n- Fog (Övrigt) – format: 430x120\n- Salt (Grå) – format: 430x120\n- Sand (Beige) – format: 430x120",
    "source": "prontokakel.starwebserver.se",
    "category": "Färger"
  },
  {
    "question_se": "Vilka färger finns i serien Mista?",
    "answer_se": "Följande färger finns i Mista:\n- Agate (Övrigt) – format: 430x120\n- Pearl (Övrigt) – format: 430x120\n- Shell (Övrigt) – format: 430x120\n- Tahiti (Övrigt) – format: 430x120",
    "source": "prontokakel.starwebserver.se",
    "category": "Färger"
  },
  {
    "question_se": "Vilka färger finns i serien Nature?",
    "answer_se": "Följande färger finns i serien Nature: Nut, Nut Doga, Oak … Vill du se fler?",
    "source": "prontokakel.starwebserver.se",
    "category": "Färger",
    "answer_full_se": "Följande färger finns i Nature:\n- Nut (Övrigt) – format: 100x100, 40x120, 40x180, 430x120, 440x120, 45x90, 560x60, 60x120, 60x60, 80x80, 860x60, 90x90\n- Nut Doga (Övrigt) – format: 100x100, 40x120, 40x180, 430x120, 440x120, 45x90, 560x60, 60x120, 60x60, 80x80, 860x60, 90x90\n- Oak (Brun) – format: 100x100, 40x120, 40x180, 430x120, 440x120, 45x90, 560x60, 60x120, 60x60, 80x80, 860x60, 90x90\n- Oak Doga (Brun) – format: 100x100, 40x120, 40x180, 430x120, 440x120, 45x90, 560x60, 60x120, 60x60, 80x80, 860x60, 90x90"
  },
  {
    "question_se": "Vilka färger finns i serien Nordique?",
    "answer_se": "Följande färger finns i serien Nordique: Evo Greyge, Evo Gris Fonce, Evo Noir … Vill du se fler?",
    "source": "prontokakel.starwebserver.se",
    "category": "Färger",
    "answer_full_se": "Följande färger finns i Nordique:\n- Evo Greyge (Grå) – format: 430x120\n- Evo Gris Fonce (Övrigt) – format: 430x120\n- Evo Gris Fonce (kopia) (Övrigt) – format: 430x120\n- Evo Noir (Övrigt) – format: 430x120"
  },
  {
    "question_se": "Vilka färger finns i serien Quartz?",
    "answer_se": "Följande färger finns i Quartz:\n- Antracite (Antracitgrå) – format: 430x120\n- Diaspro (Övrigt) – format: 430x120\n- Madera (Övrigt) – format: 430x120\n- Prasio (Övrigt) – format: 430x120",
    "source": "prontokakel.starwebserver.se",
    "category": "Färger"
  },
  {
    "question_se": "Vilka färger finns i serien Roccia?",
    "answer_se": "Följande färger finns i Roccia:\n- Antracite (Antracitgrå) – format: 430x120\n- Cream (Beige) – format: 430x120\n- Light Grey (Grå) – format: 430x120\n- Mud (Beige) – format: 430x120",
    "source": "prontokakel.starwebserver.se",
    "category": "Färger"
  },
  {
    "question_se": "Vilka färger finns i serien Slate?",
    "answer_se": "Följande färger finns i Slate:\n- Bly (Övrigt)\n- Grafite (Övrigt)\n- Grå (Övrigt)",
    "source": "prontokakel.starwebserver.se",
    "category": "Färger"
  },
  {
    "question_se": "Vilka färger finns i serien Stella?",
    "answer_se": "Följande färger finns i Stella:\n- Bone (Övrigt) – format: 430x120\n- Cement (Övrigt) – format: 430x120\n- Plomb (Grå) – format: 430x120",
    "source": "prontokakel.starwebserver.se",
    "category": "Färger"
  },
  {
    "question_se": "Vilka färger finns i serien Stone?",
    "answer_se": "Följande färger finns i Stone:\n- Landstone (Övrigt) – format: 430x120\n- Nightstone (Övrigt) – format: 430x120\n- Silverstone (Grå) – format: 430x120\n- Sunstone (Övrigt) – format: 430x120",
    "source": "prontokakel.starwebserver.se",
    "category": "Färger"
  },
  {
    "question_se": "Vilka färger finns i serien Strada?",
    "answer_se": "Följande färger finns i Strada:\n- Saint Luois (Övrigt) – format: 430x120\n- Santa Fe' (Övrigt) – format: 430x120\n- Santa Monica (Övrigt) – format: 430x120",
    "source": "prontokakel.starwebserver.se",
    "category": "Färger"
  },
  {
    "question_se": "Vilka färger finns i serien Travertin?",
    "answer_se": "Följande färger finns i Travertin:\n- Beige (Beige) – format: 430x120",
    "source": "prontokakel.starwebserver.se",
    "category": "Färger"
  },
  {
    "question_se": "Vilka färger finns i serien Trentino?",
    "answer_se": "Följande färger finns i serien Trentino: Avana, Canapa, Lino … Vill du se fler?",
    "source": "prontokakel.starwebserver.se",
    "category": "Färger",
    "answer_full_se": "Följande färger finns i Trentino:\n- Avana (Övrigt) – format: 430x120\n- Canapa (Övrigt) – format: 430x120\n- Lino (Övrigt) – format: 430x120\n- Moro (Övrigt) – format: 430x120\n- Tabacco (Övrigt) – format: 430x120"
  },
  {
    "question_se": "Vilka färger finns i serien Vintage?",
    "answer_se": "Följande färger finns i Vintage:\n- Bruges (Övrigt) – format: 430x120\n- Gent (Övrigt) – format: 430x120\n- Namur (Övrigt) – format: 430x120",
    "source": "prontokakel.starwebserver.se",
    "category": "Färger"
  },
  {
    "question_se": "Vilka färger finns i serien Konjak?",
    "answer_se": "Följande färger finns i Konjak:\n- Konjak (Övrigt) – format: 430x120",
    "source": "prontokakel.starwebserver.se",
    "category": "Färger"
  },
  {
    "question_se": "Vilka mått finns klinkerdäck® i?",
    "answer_se": "Plattorna finns i flera olika standardmått. Se vår produktkatalog för aktuella storlekar.",
    "source": "FAQ",
    "category": "Format"
  },
  {
    "question_se": "Vilka färger finns tillgängliga?",
    "answer_se": "Vi erbjuder flera färger, till exempel grå, svart och beige.",
    "source": "FAQ",
    "category": "Färger"
  },
  {
    "question_se": "Vilken vikt har en platta?",
    "answer_se": "En platta väger i genomsnitt 16–64 kg beroende på storlek.",
    "source": "AI",
    "category": "Format"
  },
  {
    "question_se": "Vilket material tillverkas klinkerdäck® av?",
    "answer_se": "Plattorna är tillverkade i keramiskt material med hög hållfasthet.",
    "source": "FAQ",
    "category": "Produktfakta & Tekniska data"
  },
  {
    "question_se": "Har plattorna någon CE-märkning?",
    "answer_se": "Ja, klinkerdäck® är CE-märkt och uppfyller gällande byggstandarder.",
    "source": "AI",
    "category": "Produktfakta & Tekniska data"
  },
  {
    "question_se": "Finns det olika ytstrukturer (släta, strukturerade)?",
    "answer_se": "Ja, både släta och strukturerade ytor finns tillgängliga.",
    "source": "FAQ",
    "category": "Ytor"
  },
  {
    "question_se": "Finns det tekniska datablad att ladda ner?",
    "answer_se": "Ja, tekniska datablad finns som PDF på vår hemsida.",
    "source": "AI",
    "category": "Tillbehör"
  },
  {
    "question_se": "Är plattorna resistenta mot kemikalier?",
    "answer_se": "Ja, klinkerdäck® tål vanliga hushållskemikalier utan problem.",
    "source": "AI",
    "category": "Produktfakta & Tekniska data"
  },
  {
    "question_se": "Vilka toleranser gäller för mått och form?",
    "answer_se": "Toleranserna följer europeisk standard för keramiska utomhusplattor.",
    "source": "AI",
    "category": "Format"
  },
  {
    "question_se": "Kan man lägga plattorna direkt på grus?",
    "answer_se": "Ja, klinkerdäck® kan läggas på ett stabilt grusunderlag.",
    "source": "FAQ",
    "category": "Tillbehör"
  },
  {
    "question_se": "Måste man limma plattorna vid installation?",
    "answer_se": "Nej, normalt sett behöver plattorna inte limmas utan kan läggas löst på rätt underlag.",
    "source": "AI",
    "category": "Installation & Underlag"
  },
  {
    "question_se": "Kan plattorna läggas på en träaltan?",
    "answer_se": "Ja, förutsatt att underlaget är jämnt och stabilt.",
    "source": "FAQ",
    "category": "Tillbehör"
  },
  {
    "question_se": "Kan man kapa plattorna själv?",
    "answer_se": "Ja, plattorna kan kapas med vinkelslip och diamantklinga.",
    "source": "FAQ",
    "category": "Installation & Underlag"
  },
  {
    "question_se": "Vilka verktyg rekommenderas för kapning?",
    "answer_se": "Vinkelslip med diamantklinga ger bäst resultat.",
    "source": "AI",
    "category": "Tillbehör"
  },
  {
    "question_se": "Kan man lägga plattorna på en balkong?",
    "answer_se": "Ja, klinkerdäck® är lämpligt för balkonger om konstruktionen är tillräckligt bärande.",
    "source": "AI",
    "category": "Installation & Underlag"
  },
  {
    "question_se": "Behöver man distanskryss när man lägger plattorna?",
    "answer_se": "Ja, för att säkerställa jämna fogar rekommenderas distanskryss.",
    "source": "FAQ",
    "category": "Installation & Underlag"
  },
  {
    "question_se": "Kan man lägga plattorna inomhus?",
    "answer_se": "Ja, klinkerdäck® kan även användas inomhus på lämpliga ytor.",
    "source": "AI",
    "category": "Ytor"
  },
  {
    "question_se": "Fungerar plattorna på lutande underlag?",
    "answer_se": "Ja, men underlaget måste vara stabilt och dränerat.",
    "source": "AI",
    "category": "Tillbehör"
  },
  {
    "question_se": "Hur rengör man plattorna bäst?",
    "answer_se": "Använd vatten och en mjuk borste. För svårare smuts kan milda rengöringsmedel användas.",
    "source": "FAQ",
    "category": "Tillbehör"
  },
  {
    "question_se": "Kan man använda högtryckstvätt på plattorna?",
    "answer_se": "Ja, men vi rekommenderar låg trycknivå och brett munstycke.",
    "source": "AI",
    "category": "Underhåll & Skötsel"
  },
  {
    "question_se": "Behöver plattorna behandlas med impregnering?",
    "answer_se": "Nej, klinkerdäck® kräver ingen impregnering.",
    "source": "FAQ",
    "category": "Tillbehör"
  },
  {
    "question_se": "Hur tar man bort mossa och alger från plattorna?",
    "answer_se": "Använd borste och milda rengöringsmedel eller algborttagare anpassad för stenytor.",
    "source": "AI",
    "category": "Tillbehör"
  },
  {
    "question_se": "Hur påverkas plattorna av salt på vintern?",
    "answer_se": "Plattorna tål normalt vägsalt, men överdriven användning bör undvikas.",
    "source": "AI",
    "category": "Underhåll & Skötsel"
  },
  {
    "question_se": "Kan plattorna missfärgas av vin, olja eller andra fläckar?",
    "answer_se": "Fläckar kan uppstå, men går ofta bort med mild rengöring.",
    "source": "FAQ",
    "category": "Tillbehör"
  },
  {
    "question_se": "Krävs det speciell vinterförvaring?",
    "answer_se": "Nej, klinkerdäck® kan ligga ute året runt.",
    "source": "FAQ",
    "category": "Tillbehör"
  },
  {
    "question_se": "Hur lång livslängd har plattorna?",
    "answer_se": "Med rätt installation och underhåll har klinkerdäck® mycket lång livslängd, ofta flera decennier.",
    "source": "AI",
    "category": "saknas"
  },
  {
    "question_se": "Kan plattorna slipas eller renoveras?",
    "answer_se": "Nej, plattorna är färdigbehandlade och kräver ingen slipning.",
    "source": "AI",
    "category": "Underhåll & Skötsel"
  },
  {
    "question_se": "Är plattorna halksäkra?",
    "answer_se": "Ja, klinkerdäck® har halkskyddade ytor anpassade för utomhusbruk.",
    "source": "FAQ",
    "category": "Ytor"
  },
  {
    "question_se": "Är klinkerdäck® brandsäkert?",
    "answer_se": "Ja, plattorna är brandsäkra och avger inga giftiga gaser vid brand.",
    "source": "AI",
    "category": "Säkerhet"
  },
  {
    "question_se": "Kan man använda plattorna vid poolområden?",
    "answer_se": "Ja, klinkerdäck® är halkskyddat och lämpar sig för poolmiljöer.",
    "source": "FAQ",
    "category": "Ytor"
  },
  {
    "question_se": "Är plattorna säkra för barn att leka på?",
    "answer_se": "Ja, ytan är halkskyddad och tålig för barnens lek.",
    "source": "AI",
    "category": "Ytor"
  },
  {
    "question_se": "Kan äldre personer gå säkert på plattorna?",
    "answer_se": "Ja, halkskyddet gör att även seniorer kan gå säkert på ytan.",
    "source": "AI",
    "category": "Ytor"
  },
  {
    "question_se": "Hur testas halksäkerheten?",
    "answer_se": "Plattorna testas enligt europeisk standard för friktion och halkmotstånd.",
    "source": "AI",
    "category": "Ytor"
  },
  {
    "question_se": "Kan plattorna bli hala vid isbildning?",
    "answer_se": "Ja, precis som alla utomhusytor kan de bli hala vid is, använd gärna sand.",
    "source": "FAQ",
    "category": "Ytor"
  },
  {
    "question_se": "Finns det någon garanti på halkskyddet?",
    "answer_se": "Ja, halkskyddet gäller under hela produktens livslängd vid normal användning.",
    "source": "AI",
    "category": "Ytor"
  },
  {
    "question_se": "Kan man använda halkskyddstejp tillsammans med plattorna?",
    "answer_se": "Nej, det behövs inte eftersom ytan redan är halksäker.",
    "source": "FAQ",
    "category": "Ytor"
  },
  {
    "question_se": "Hur lång är livslängden på klinkerdäck®?",
    "answer_se": "Plattorna har mycket lång livslängd, ofta över 30 år.",
    "source": "FAQ",
    "category": "Hållbarhet"
  },
  {
    "question_se": "Är plattorna UV-beständiga?",
    "answer_se": "Ja, de bleks inte av solljus.",
    "source": "AI",
    "category": "Hållbarhet"
  },
  {
    "question_se": "Tål plattorna frost och kyla?",
    "answer_se": "Ja, klinkerdäck® är frostsäkert och kräver ingen vinterförvaring.",
    "source": "FAQ",
    "category": "Tillbehör"
  },
  {
    "question_se": "Är plattorna resistenta mot slitage?",
    "answer_se": "Ja, de är mycket slitstarka och lämpar sig för högtrafikerade ytor.",
    "source": "AI",
    "category": "Ytor"
  },
  {
    "question_se": "Kan man använda plattorna i offentliga miljöer?",
    "answer_se": "Ja, klinkerdäck® är anpassat för både privata och offentliga miljöer.",
    "source": "FAQ",
    "category": "Hållbarhet"
  },
  {
    "question_se": "Tål plattorna kemikalier?",
    "answer_se": "Ja, klinkerdäck® är motståndskraftigt mot de flesta vanliga kemikalier.",
    "source": "AI",
    "category": "Hållbarhet"
  },
  {
    "question_se": "Är plattorna reptåliga?",
    "answer_se": "Ja, ytan är mycket reptålig vid normal användning.",
    "source": "AI",
    "category": "Ytor"
  },
  {
    "question_se": "Hur påverkas plattorna av tung belastning?",
    "answer_se": "Plattorna tål hög belastning och passar för utemiljöer med möbler.",
    "source": "FAQ",
    "category": "Hållbarhet"
  },
  {
    "question_se": "Hur lång garanti ges på hållbarheten?",
    "answer_se": "Vi erbjuder långvarig garanti mot sprickbildning vid normal användning.",
    "source": "AI",
    "category": "saknas"
  },
  {
    "question_se": "Är klinkerdäck® miljövänligt?",
    "answer_se": "Ja, produkterna är tillverkade med miljöhänsyn och är återvinningsbara.",
    "source": "AI",
    "category": "Miljö & Användningsområden"
  },
  {
    "question_se": "Är plattorna återvinningsbara?",
    "answer_se": "Ja, klinkerdäck® kan återvinnas som byggmaterial.",
    "source": "FAQ",
    "category": "Miljö & Användningsområden"
  },
  {
    "question_se": "Tillverkas produkterna i Sverige?",
    "answer_se": "Ja, delar av produktionen sker i Sverige med höga miljökrav.",
    "source": "AI",
    "category": "Miljö & Användningsområden"
  },
  {
    "question_se": "Kan man använda plattorna inomhus?",
    "answer_se": "Ja, klinkerdäck® kan även användas inomhus i exempelvis hallar och kök.",
    "source": "FAQ",
    "category": "Miljö & Användningsområden"
  },
  {
    "question_se": "Passar klinkerdäck® till poolområden?",
    "answer_se": "Ja, plattorna är halksäkra och tåliga mot vattenmiljöer.",
    "source": "FAQ",
    "category": "Ytor"
  },
  {
    "question_se": "Kan plattorna användas på balkong?",
    "answer_se": "Ja, klinkerdäck® passar bra på balkonger.",
    "source": "AI",
    "category": "Miljö & Användningsområden"
  },
  {
    "question_se": "Kan man använda plattorna i kommersiella lokaler?",
    "answer_se": "Ja, klinkerdäck® fungerar även i restauranger och butiker.",
    "source": "AI",
    "category": "Miljö & Användningsområden"
  },
  {
    "question_se": "Hur påverkar produktionen miljön?",
    "answer_se": "Tillverkningen sker med miljövänliga processer och minimerad CO2-belastning.",
    "source": "AI",
    "category": "Miljö & Användningsområden"
  },
  {
    "question_se": "Är produkterna certifierade för miljöbyggnation?",
    "answer_se": "Ja, klinkerdäck® kan användas i miljöcertifierade byggprojekt.",
    "source": "AI",
    "category": "saknas"
  },
  {
    "question_se": "Levererar ni i hela Sverige?",
    "answer_se": "Ja, vi levererar i hela Sverige.",
    "source": "FAQ",
    "category": "Leverans & Logistik"
  },
  {
    "question_se": "Levererar ni till Danmark och Tyskland?",
    "answer_se": "Ja, Danmark och Tyskland ingår i våra standardleveranser.",
    "source": "FAQ",
    "category": "Leverans & Logistik"
  },
  {
    "question_se": "Levererar ni till Finland?",
    "answer_se": "Ja, potentiellt – mot förfrågan. Kontakta oss för offert.",
    "source": "AI",
    "category": "Leverans & Logistik"
  },
  {
    "question_se": "Levererar ni till Storbritannien?",
    "answer_se": "Potentiellt – mot förfrågan och separat offert.",
    "source": "AI",
    "category": "Leverans & Logistik"
  },
  {
    "question_se": "Levererar ni utanför EU?",
    "answer_se": "Endast mot förfrågan och individuell bedömning.",
    "source": "AI",
    "category": "Leverans & Logistik"
  },
  {
    "question_se": "Hur lång är leveranstiden normalt?",
    "answer_se": "Normalt 5–10 arbetsdagar beroende på lagerstatus.",
    "source": "FAQ",
    "category": "Leverans & Logistik"
  },
  {
    "question_se": "Vad kostar frakten?",
    "answer_se": "Fraktkostnaden beror på vikt och destination, kontakta oss för offert.",
    "source": "FAQ",
    "category": "Leverans & Logistik"
  },
  {
    "question_se": "Kan man boka tid för leverans?",
    "answer_se": "Ja, tidsbokning av leverans är möjlig mot tillägg.",
    "source": "AI",
    "category": "Leverans & Logistik"
  },
  {
    "question_se": "Kan man hämta plattorna själv i lager?",
    "answer_se": "Ja, självhämtning i lager är möjlig efter överenskommelse.",
    "source": "FAQ",
    "category": "saknas"
  },
  {
    "question_se": "Vad kostar klinkerdäck® per kvadratmeter?",
    "answer_se": "Priset varierar beroende på modell, kontakta oss för aktuell prislista.",
    "source": "FAQ",
    "category": "Pris & Betalning"
  },
  {
    "question_se": "Kan man få offert på större projekt?",
    "answer_se": "Ja, vi lämnar offert baserat på volym och leveransadress.",
    "source": "AI",
    "category": "Pris & Betalning"
  },
  {
    "question_se": "Erbjuder ni delbetalning?",
    "answer_se": "Ja, delbetalning kan erbjudas via våra betalpartners.",
    "source": "AI",
    "category": "Miljö & Användningsområden"
  },
  {
    "question_se": "Vilken tjocklek har plattorna?",
    "answer_se": "Standardtjockleken är anpassad för utomhusbruk. Se tekniskt datablad för exakta mått.",
    "source": "FAQ",
    "category": "Tillbehör"
  },
  {
    "question_se": "Finns plattorna med fasad kant?",
    "answer_se": "Ja, vissa modeller har lätt fasade kanter för mjukare känsla.",
    "source": "AI",
    "category": "Produktfakta & Tekniska data"
  },
  {
    "question_se": "Hur stor är kalibreringstoleransen?",
    "answer_se": "Plattorna kalibreras enligt gällande standard. Se datablad för toleranser.",
    "source": "AI",
    "category": "Tillbehör"
  },
  {
    "question_se": "Hur stor fogbredd rekommenderar ni?",
    "answer_se": "Vanligtvis 3–5 mm beroende på underlag och användning.",
    "source": "FAQ",
    "category": "Produktfakta & Tekniska data"
  },
  {
    "question_se": "Finns plattorna i matt eller halvmatt yta?",
    "answer_se": "Ja, flera ytor finns – från matt till lätt strukturerad.",
    "source": "AI",
    "category": "Ytor"
  },
  {
    "question_se": "Hur packas plattorna på pall?",
    "answer_se": "Plattor levereras staplade och skyddade på pall. Antal per pall framgår av produktblad.",
    "source": "AI",
    "category": "Produktfakta & Tekniska data"
  },
  {
    "question_se": "Vilka kulörer är mest färgstabila över tid?",
    "answer_se": "Mörkgrå och naturinspirerade kulörer tenderar upplevas stabila. Se färgprover i dagsljus för bästa bedömning.",
    "source": "AI",
    "category": "Tillbehör"
  },
  {
    "question_se": "Finns produktcertifikat och provningsprotokoll?",
    "answer_se": "Ja, dokument kan tillhandahållas på begäran för projekt.",
    "source": "AI",
    "category": "Produktfakta & Tekniska data"
  },
  {
    "question_se": "Vilket fall bör underlaget ha för dränering?",
    "answer_se": "Rekommenderat fall är ca 1–2 % bort från fasad för att leda bort vatten.",
    "source": "FAQ",
    "category": "Tillbehör"
  },
  {
    "question_se": "Kan jag lägga plattorna på befintlig betongplatta?",
    "answer_se": "Ja, förutsatt att betongen är plan, bärig och fri från sprickor.",
    "source": "AI",
    "category": "Installation & Underlag"
  },
  {
    "question_se": "Behöver jag frostskyddslager under plattorna?",
    "answer_se": "I utsatta lägen rekommenderas frostskydd och dränerande bädd.",
    "source": "AI",
    "category": "Installation & Underlag"
  },
  {
    "question_se": "Vilken fog rekommenderas mellan plattorna?",
    "answer_se": "En dränerande fogsand eller polymerförstärkt fog fungerar bra utomhus.",
    "source": "AI",
    "category": "Installation & Underlag"
  },
  {
    "question_se": "Hur hanterar jag rörelsefogar?",
    "answer_se": "Lämna rörelsezoner mot fasad och större ytor enligt branschpraxis.",
    "source": "AI",
    "category": "Ytor"
  },
  {
    "question_se": "Kan plattorna läggas på justerbara fötter?",
    "answer_se": "Ja, på takterrasser och balkonger kan justerbara fötter användas.",
    "source": "FAQ",
    "category": "Piedestaler / Fötter / Stöd"
  },
  {
    "question_se": "Vilket mönster är enklast att lägga?",
    "answer_se": "Rakt förband är snabbast; fiskben och modulmönster kräver mer kapning.",
    "source": "AI",
    "category": "Läggningsförslag"
  },
  {
    "question_se": "Hur avslutar jag mot kanter och rabatter?",
    "answer_se": "Använd kantstöd eller kantlist för att säkra plattorna mot rörelse.",
    "source": "AI",
    "category": "Installation & Underlag"
  },
  {
    "question_se": "Hur ofta bör man städa en uteplats med klinkerdäck®?",
    "answer_se": "Löpande sopning och avtorkning vid behov. Grundrengör 1–2 gånger per säsong.",
    "source": "FAQ",
    "category": "Underhåll & Skötsel"
  },
  {
    "question_se": "Hur tar jag bort oljefläckar?",
    "answer_se": "Badda med absorberande papper, använd därefter milt avfettningsmedel anpassat för sten/klinker.",
    "source": "AI",
    "category": "Underhåll & Skötsel"
  },
  {
    "question_se": "Kan jag använda ättika eller syror vid rengöring?",
    "answer_se": "Undvik starka syror. Använd pH-neutrala eller milt alkaliska medel som är godkända för plattor.",
    "source": "AI",
    "category": "Tillbehör"
  },
  {
    "question_se": "Hur förebygger jag gröna beläggningar?",
    "answer_se": "Håll ytan ren och torr, och använd vid behov algborttagare enligt instruktion.",
    "source": "AI",
    "category": "Ytor"
  },
  {
    "question_se": "Kan jag skotta snö med metallskyffel?",
    "answer_se": "Använd hellre plastskyffel för att skona ytan och fogarna.",
    "source": "AI",
    "category": "Ytor"
  },
  {
    "question_se": "Hur rengör jag fogarna utan att skada dem?",
    "answer_se": "Borsta varsamt och undvik högtryck rakt ner i fogarna.",
    "source": "AI",
    "category": "Underhåll & Skötsel"
  },
  {
    "question_se": "Behöver jag efterbehandla plattorna efter vintern?",
    "answer_se": "En vårstädning med mild rengöring räcker normalt.",
    "source": "AI",
    "category": "Tillbehör"
  },
  {
    "question_se": "Hur tar jag bort rostfläckar?",
    "answer_se": "Använd ett rostborttagningsmedel som är säkert för keramiska ytor och följ instruktionerna noggrant.",
    "source": "AI",
    "category": "Ytor"
  },
  {
    "question_se": "Blir plattorna mycket varma i direkt solljus?",
    "answer_se": "Ytan kan bli varm vid stark sol. Använd möbeltassar och mattor vid behov.",
    "source": "AI",
    "category": "Ytor"
  },
  {
    "question_se": "Är ytan halksäker när den är blöt?",
    "answer_se": "Plattorna har halkskyddad yta anpassad för utomhusbruk även vid väta.",
    "source": "FAQ",
    "category": "Ytor"
  },
  {
    "question_se": "Är produkten säker kring grill och gnistor?",
    "answer_se": "Keramiska plattor är obrännbara, men undvik långvarig punktvärme.",
    "source": "AI",
    "category": "Tillbehör"
  },
  {
    "question_se": "Kan kanterna upplevas vassa?",
    "answer_se": "Kanter är bearbetade, men använd försiktighet vid kapning och hantering.",
    "source": "AI",
    "category": "Tillbehör"
  },
  {
    "question_se": "Finns rekommendationer för belysning av trappsteg?",
    "answer_se": "Ja, markera nivåskillnader med belysning eller kontrastlist för ökad säkerhet.",
    "source": "AI",
    "category": "Säkerhet"
  },
  {
    "question_se": "Är plattorna lämpliga för rullator och rullstol?",
    "answer_se": "Ja, vid korrekt lagt, jämnt underlag ger ytan god framkomlighet.",
    "source": "AI",
    "category": "Ytor"
  },
  {
    "question_se": "Påverkas halksäkerheten av pollen och smuts?",
    "answer_se": "Ja, smuts kan minska friktionen. Håll ytan ren för bästa grepp.",
    "source": "AI",
    "category": "Ytor"
  },
  {
    "question_se": "Behövs skyddsutrustning vid kapning?",
    "answer_se": "Använd alltid hörsel-, ögon- och andningsskydd samt handskar vid kapning.",
    "source": "FAQ",
    "category": "Säkerhet"
  },
  {
    "question_se": "Hur tåliga är plattorna mot repor från möbelben?",
    "answer_se": "Använd möbeltassar för att minska risken för märken. Ytan är i sig reptålig.",
    "source": "AI",
    "category": "Ytor"
  },
  {
    "question_se": "Tål plattorna cykelställ och barnleksaker?",
    "answer_se": "Ja, normal vardagsanvändning är inget problem vid korrekt underlag.",
    "source": "AI",
    "category": "Hållbarhet"
  },
  {
    "question_se": "Hur påverkas färgen över tid?",
    "answer_se": "Färgupplevelsen kan variera med ljus och smuts. Regelbunden rengöring bevarar utseendet.",
    "source": "AI",
    "category": "Tillbehör"
  },
  {
    "question_se": "Klarar plattorna snabba temperaturväxlingar?",
    "answer_se": "Keramik tål normalt temperaturväxlingar väl vid korrekt installation.",
    "source": "AI",
    "category": "Hållbarhet"
  },
  {
    "question_se": "Kan tunga krukor och grillar stå på plattorna?",
    "answer_se": "Ja, vid korrekt underlag och fördelad belastning.",
    "source": "AI",
    "category": "Hållbarhet"
  },
  {
    "question_se": "Hur påverkas ytan av vägsalt?",
    "answer_se": "Undvik överdriven användning av salt. Sand rekommenderas vid is.",
    "source": "FAQ",
    "category": "Ytor"
  },
  {
    "question_se": "Hur lång teknisk livslängd kan man räkna med?",
    "answer_se": "Med rätt installation och skötsel kan plattorna hålla i många årtionden.",
    "source": "AI",
    "category": "Hållbarhet"
  },
  {
    "question_se": "Kan plattorna spricka?",
    "answer_se": "Rätt underarbete minskar risken för rörelser och sprickbildning.",
    "source": "AI",
    "category": "Hållbarhet"
  },
  {
    "question_se": "Är klinkerdäck® återvinningsbart?",
    "answer_se": "Ja, materialet kan återvinnas som byggmaterial. Lokala regler gäller.",
    "source": "FAQ",
    "category": "Miljö & Användningsområden"
  },
  {
    "question_se": "Finns miljövarudeklaration (EPD)?",
    "answer_se": "Dokumentation kan tillhandahållas för projekt på begäran.",
    "source": "AI",
    "category": "Miljö & Användningsområden"
  },
  {
    "question_se": "Passar plattorna för takterrasser?",
    "answer_se": "Ja, särskilt med justerbara fötter och dränerande lager.",
    "source": "AI",
    "category": "Piedestaler / Fötter / Stöd"
  },
  {
    "question_se": "Kan plattorna användas i entréer inomhus?",
    "answer_se": "Ja, keramik är slitstarkt och lättstädat även i entréer.",
    "source": "AI",
    "category": "Miljö & Användningsområden"
  },
  {
    "question_se": "Är produkten lämplig i marina miljöer?",
    "answer_se": "Ja, men välj rätt fog och underlag för miljön.",
    "source": "AI",
    "category": "Miljö & Användningsområden"
  },
  {
    "question_se": "Kan plattorna kombineras med trä och natursten?",
    "answer_se": "Ja, materialmöten fungerar väl estetiskt vid god detaljprojektering.",
    "source": "AI",
    "category": "Tillbehör"
  },
  {
    "question_se": "Finns rekommendationer för ljuddämpning?",
    "answer_se": "Använd mattor eller gummipads vid behov av ljudreduktion.",
    "source": "AI",
    "category": "Ytor"
  },
  {
    "question_se": "Lämpar sig plattorna för uteserveringar?",
    "answer_se": "Ja, slitstyrka och enkel rengöring gör dem lämpliga i kommersiella miljöer.",
    "source": "AI",
    "category": "Tillbehör"
  },
  {
    "question_se": "Vilka länder har ni som standardleverans?",
    "answer_se": "Sverige, Danmark och Tyskland är standardleveranser.",
    "source": "FAQ",
    "category": "Leverans & Logistik"
  },
  {
    "question_se": "Kan ni leverera till andra EU-länder?",
    "answer_se": "Potentiellt – mot förfrågan. Kontakta oss för offert och bekräftelse.",
    "source": "AI",
    "category": "Leverans & Logistik"
  },
  {
    "question_se": "Vilka leveranssätt används?",
    "answer_se": "Hemleverans med avisering. Inbärning ingår normalt inte.",
    "source": "AI",
    "category": "Tillbehör"
  },
  {
    "question_se": "Kan jag få kvällsleverans?",
    "answer_se": "I vissa regioner kan tidsstyrd leverans erbjudas mot tillägg.",
    "source": "AI",
    "category": "Leverans & Logistik"
  },
  {
    "question_se": "Hur lång är normal leveranstid?",
    "answer_se": "Vanligtvis 5–10 arbetsdagar beroende på lager och adress.",
    "source": "FAQ",
    "category": "Leverans & Logistik"
  },
  {
    "question_se": "Hur levereras varorna – på pall?",
    "answer_se": "Ja, varor kommer normalt på pall som lossas med bakgavellift eller truck.",
    "source": "AI",
    "category": "Leverans & Logistik"
  },
  {
    "question_se": "Hur beräknas pris per m²?",
    "answer_se": "Pris påverkas av modell, volym och leveransadress. Begär offert för exakt pris.",
    "source": "FAQ",
    "category": "Piedestaler / Fötter / Stöd"
  },
  {
    "question_se": "Erbjuder ni volymrabatter?",
    "answer_se": "Ja, större projekt kan få mängdrabatt efter offert.",
    "source": "AI",
    "category": "Pris & Betalning"
  },
  {
    "question_se": "Vilka betalningsmetoder accepterar ni?",
    "answer_se": "Kort, Swish och faktura kan erbjudas beroende på kundtyp.",
    "source": "AI",
    "category": "Pris & Betalning"
  },
  {
    "question_se": "Går det att delbetala?",
    "answer_se": "Delbetalning kan erbjudas via betalpartner efter kreditprövning.",
    "source": "AI",
    "category": "Pris & Betalning"
  },
  {
    "question_se": "Ingår frakt i priset?",
    "answer_se": "Frakt offereras separat om inte annat anges.",
    "source": "AI",
    "category": "Pris & Betalning"
  },
  {
    "question_se": "Har ni prisgaranti?",
    "answer_se": "Nej, men vi lämnar konkurrenskraftiga offerter baserat på projektets omfattning.",
    "source": "AI",
    "category": "Pris & Betalning"
  },
  {
    "question_se": "Kostar provplattor något?",
    "answer_se": "Provplattor kan erbjudas mot självkostnad eller i samband med offert.",
    "source": "AI",
    "category": "Pris & Betalning"
  },
  {
    "question_se": "Hur länge gäller en offert?",
    "answer_se": "Offertens giltighetstid framgår av offerten, normalt 14–30 dagar.",
    "source": "AI",
    "category": "Pris & Betalning"
  },
  {
    "question_se": "Kan jag ångra köpet?",
    "answer_se": "Ångerrätt gäller enligt lag för distansköp. Vissa undantag kan finnas.",
    "source": "FAQ",
    "category": "Returer & Reklamationer"
  },
  {
    "question_se": "Hur returnerar jag överblivna plattor?",
    "answer_se": "Kontakta kundservice. Retur godkänns om plattorna är oskadade i originalförpackning.",
    "source": "AI",
    "category": "Returer & Reklamationer"
  },
  {
    "question_se": "Vem står för returfrakten?",
    "answer_se": "Returfrakt bekostas normalt av kunden om inte varan är felaktig.",
    "source": "AI",
    "category": "Returer & Reklamationer"
  },
  {
    "question_se": "Hur snabbt måste transportskada anmälas?",
    "answer_se": "Anmäl skador direkt vid mottagning och dokumentera med bilder.",
    "source": "AI",
    "category": "Returer & Reklamationer"
  },
  {
    "question_se": "Hur hanteras produktionsfel?",
    "answer_se": "Vi utreder ärendet och erbjuder ersättning eller utbyte enligt garanti.",
    "source": "AI",
    "category": "Returer & Reklamationer"
  },
  {
    "question_se": "Kan specialbeställda varor returneras?",
    "answer_se": "Specialorder omfattas normalt inte av öppet köp.",
    "source": "AI",
    "category": "Returer & Reklamationer"
  },
  {
    "question_se": "Hur lång tid tar en återbetalning?",
    "answer_se": "Återbetalning sker normalt inom 5–10 bankdagar efter godkänd retur.",
    "source": "AI",
    "category": "Returer & Reklamationer"
  },
  {
    "question_se": "Kan jag byta kulör efter leverans?",
    "answer_se": "Byten hanteras som retur och ny beställning om varan är oskadad.",
    "source": "AI",
    "category": "Färger"
  },
  {
    "question_se": "Hur kontaktar jag er för rådgivning?",
    "answer_se": "Mejla eller ring kundservice så hjälper vi till med val av plattor och underlag.",
    "source": "FAQ",
    "category": "Tillbehör"
  },
  {
    "question_se": "Kan ni räkna på materialåtgång?",
    "answer_se": "Ja, vi kan hjälpa till med överslagsberäkning utifrån mått och förutsättningar.",
    "source": "AI",
    "category": "Format"
  },
  {
    "question_se": "Erbjuder ni projekteringsstöd?",
    "answer_se": "För större projekt kan underlag som datablad och generella principdetaljer tillhandahållas.",
    "source": "AI",
    "category": "Tillbehör"
  },
  {
    "question_se": "Hur lång är normal svarstid från kundservice?",
    "answer_se": "Vi strävar efter att svara inom 24 timmar på vardagar.",
    "source": "AI",
    "category": "Kundservice & Support"
  },
  {
    "question_se": "Kan ni rekommendera montörer?",
    "answer_se": "Vi kan hänvisa till samarbetspartners i vissa regioner.",
    "source": "AI",
    "category": "Kundservice & Support"
  },
  {
    "question_se": "Vilka handlingar är bra att ha när jag frågar om offert?",
    "answer_se": "Måttsatt skiss, önskad kulör och ungefärlig leveransadress underlättar.",
    "source": "AI",
    "category": "Färger"
  },
  {
    "question_se": "Finns support efter leverans?",
    "answer_se": "Ja, vi hjälper gärna till med frågor om skötsel och kompletteringar.",
    "source": "AI",
    "category": "Tillbehör"
  },
  {
    "question_se": "Kan vi boka ett videomöte?",
    "answer_se": "Ja, vid behov kan rådgivning ske digitalt.",
    "source": "AI",
    "category": "Kundservice & Support"
  },
  {
    "question_se": "Har ni exempelbilder på uteplatser med klinkerdäck®?",
    "answer_se": "Ja, inspirationsbilder finns på vår webb och kan skickas vid förfrågan.",
    "source": "FAQ",
    "category": "Projekt & Inspiration"
  },
  {
    "question_se": "Kan jag få hjälp att välja mönster?",
    "answer_se": "Vi kan ge rekommendationer på läggningsmönster utifrån stil och yta.",
    "source": "AI",
    "category": "Läggningsförslag"
  },
  {
    "question_se": "Passar plattorna ihop med trädetaljer och stål?",
    "answer_se": "Ja, materialet kombineras ofta med trä, stål och glas i modern design.",
    "source": "AI",
    "category": "Projekt & Inspiration"
  },
  {
    "question_se": "Kan jag provlägga några plattor innan köp?",
    "answer_se": "Ja, beställ provplattor och testa på en mindre yta först.",
    "source": "AI",
    "category": "Ytor"
  },
  {
    "question_se": "Kan jag använda möbeltassar på plattorna?",
    "answer_se": "Ja, vi rekommenderar möbeltassar för att skydda ytan och minska ljud.",
    "source": "AI",
    "category": "Ytor"
  },
  {
    "question_se": "Hur ofta bör fogarna efterfyllas?",
    "answer_se": "Inspektera årligen och fyll på vid behov för att behålla stabiliteten.",
    "source": "AI",
    "category": "Tillbehör"
  },
  {
    "question_se": "Vilka storlekar finns i 20 mm tjocklek?",
    "answer_se": "100x100 cm 20 mm",
    "source": "specs_tiles.json",
    "category": "storlek"
  },
  {
    "question_se": "Hur många fötter behövs per m² för plattor i storlek 100x100 cm 20 mm?",
    "answer_se": "4 st/m²",
    "source": "specs_tiles.json",
    "category": "Piedestaler / Fötter / Stöd"
  },
  {
    "question_se": "Vilka storlekar finns i 20 mm tjocklek?",
    "answer_se": "80x80 cm 20 mm",
    "source": "specs_tiles.json",
    "category": "storlek"
  },
  {
    "question_se": "Hur många fötter behövs per m² för plattor i storlek 80x80 cm 20 mm?",
    "answer_se": "6.25 st/m²",
    "source": "specs_tiles.json",
    "category": "Piedestaler / Fötter / Stöd"
  },
  {
    "question_se": "Vilka storlekar finns i 20 mm tjocklek?",
    "answer_se": "60x60 cm 20 mm",
    "source": "specs_tiles.json",
    "category": "storlek"
  },
  {
    "question_se": "Hur många fötter behövs per m² för plattor i storlek 60x60 cm 20 mm?",
    "answer_se": "2.78 st/m²",
    "source": "specs_tiles.json",
    "category": "Piedestaler / Fötter / Stöd"
  },
  {
    "question_se": "Vilka storlekar finns i 20 mm tjocklek?",
    "answer_se": "60x120 cm 20 mm",
    "source": "specs_tiles.json",
    "category": "storlek"
  },
  {
    "question_se": "Hur många fötter behövs per m² för plattor i storlek 60x120 cm 20 mm?",
    "answer_se": "2.78 st/m²",
    "source": "specs_tiles.json",
    "category": "Piedestaler / Fötter / Stöd"
  },
  {
    "question_se": "Vilka storlekar finns i 20 mm tjocklek?",
    "answer_se": "40x120 cm 20 mm",
    "source": "specs_tiles.json",
    "category": "storlek"
  },
  {
    "question_se": "Hur många fötter behövs per m² för plattor i storlek 40x120 cm 20 mm?",
    "answer_se": "4.17 st/m²",
    "source": "specs_tiles.json",
    "category": "Piedestaler / Fötter / Stöd"
  },
  {
    "question_se": "Vilka storlekar finns i 20 mm tjocklek?",
    "answer_se": "80.0x80.0 cm 20 mm",
    "source": "specs_tiles.json",
    "category": "storlek"
  },
  {
    "question_se": "Hur många fötter behövs per m² för plattor i storlek 80.0x80.0 cm 20 mm?",
    "answer_se": "6.25 st/m²",
    "source": "specs_tiles.json",
    "category": "Piedestaler / Fötter / Stöd"
  },
  {
    "question_se": "Vilka storlekar finns i 20 mm tjocklek?",
    "answer_se": "60.4x60.4 cm 20 mm",
    "source": "specs_tiles.json",
    "category": "storlek"
  },
  {
    "question_se": "Hur många fötter behövs per m² för plattor i storlek 60.4x60.4 cm 20 mm?",
    "answer_se": "10.96 st/m²",
    "source": "specs_tiles.json",
    "category": "Piedestaler / Fötter / Stöd"
  },
  {
    "question_se": "Vilka storlekar finns i 20 mm tjocklek?",
    "answer_se": "120.8x120.8 cm 20 mm",
    "source": "specs_tiles.json",
    "category": "storlek"
  },
  {
    "question_se": "Hur många fötter behövs per m² för plattor i storlek 120.8x120.8 cm 20 mm?",
    "answer_se": "2.74 st/m²",
    "source": "specs_tiles.json",
    "category": "Piedestaler / Fötter / Stöd"
  },
  {
    "question_se": "Vilka storlekar finns i 20 mm tjocklek?",
    "answer_se": "60.4x120.8 cm 20 mm",
    "source": "specs_tiles.json",
    "category": "storlek"
  },
  {
    "question_se": "Hur många fötter behövs per m² för plattor i storlek 60.4x120.8 cm 20 mm?",
    "answer_se": "5.48 st/m²",
    "source": "specs_tiles.json",
    "category": "Piedestaler / Fötter / Stöd"
  },
  {
    "question_se": "Vilka storlekar finns i 20 mm tjocklek?",
    "answer_se": "90x90 cm 20 mm",
    "source": "specs_tiles.json",
    "category": "storlek"
  },
  {
    "question_se": "Hur många fötter behövs per m² för plattor i storlek 90x90 cm 20 mm?",
    "answer_se": "4.94 st/m²",
    "source": "specs_tiles.json",
    "category": "Piedestaler / Fötter / Stöd"
  },
  {
    "question_se": "Hur många fötter behövs per m² för plattor i storlek 60x60 cm 20 mm?",
    "answer_se": "10.96 st/m²",
    "source": "specs_tiles.json",
    "category": "Piedestaler / Fötter / Stöd"
  },
  {
    "question_se": "Vilka format har ni?",
    "answer_se": "Vi erbjuder flera olika standardformat i 20 mm tjocklek. Exempel: 60x60, 80x80, 90x90, 60x120, 40x120, 100x100 och fler. Kontakta oss om du vill se hela listan.",
    "source": "AI",
    "category": "Produktfakta & Tekniska data"
  },
  {
    "question_se": "Jag letar en platta som är typ 60x60 – vilka format ligger närmast?",
    "answer_se": "Närmaste format till 60x60 cm är 60x60, 60x120 eller 90x90 cm beroende på önskemål om proportioner.",
    "source": "AI",
    "category": "Produktfakta & Tekniska data"
  },
  {
    "question_se": "Jag letar en platta som är typ 80x80 – vilka format ligger närmast?",
    "answer_se": "Närmaste format till 80x80 cm är 80x80, 90x90 eller 100x100 cm.",
    "source": "AI",
    "category": "Produktfakta & Tekniska data"
  },
  {
    "question_se": "Vilka storlekar har ni i 20 mm?",
    "answer_se": "Standardstorlekar inkluderar 60x60, 80x80, 90x90, 60x120, 40x120, 100x100 cm. Vill du se fler format?",
    "source": "AI",
    "category": "Produktfakta & Tekniska data"
  },
  {
    "question_se": "Har ni förslag på läggningsmönster för 20 mm plattor?",
    "answer_se": "Vanliga mönster är rakt förband (grid), halvförband, fiskben, modulmönster och diagonal läggning.",
    "source": "AI",
    "category": "Installation & Underlag"
  },
  {
    "question_se": "Jag har 35 m² av 60x60 cm – hur många fötter behöver jag?",
    "answer_se": "Beräkning: 60x60 cm kräver ca 2.78 fötter/m². För 35 m² blir det ungefär 97 fötter.",
    "source": "AI",
    "category": "Piedestaler / Fötter / Stöd"
  },
  {
    "question_se": "Hur räknar jag antal fötter per m² för en viss plattstorlek?",
    "answer_se": "Regel: ≤60 cm → ca 2.78 fötter/m², 80 cm → ca 6.25 fötter/m², 90 cm → ca 4.94 fötter/m², 100 cm → ca 4.0 fötter/m². Längre format (60x120 cm, 40x120 cm) → ca 2.78–4.17 fötter/m².",
    "source": "AI",
    "category": "Piedestaler / Fötter / Stöd"
  },
  {
    "question_se": "Vilka höjder på fötter har ni?",
    "answer_se": "Vi erbjuder fötter med följande höjdintervall: 28-38, 37.5-50, 50-75, 75-120, 120-170, 170-215, 140-230, 185-275, 235-325, 205-345, 250-385, 300-400, 270-455, 315-500, 365-550, 25- … Vill du se fler?",
    "source": "specs_pedestals.json",
    "category": "Piedestaler / Fötter / Stöd",
    "answer_full_se": "Vi erbjuder fötter med följande höjdintervall: 28-38, 37.5-50, 50-75, 75-120, 120-170, 170-215, 140-230, 185-275, 235-325, 205-345, 250-385, 300-400, 270-455, 315-500, 365-550, 25-50, 50-75, 75-125, 125-225."
  },
  {
    "question_se": "Jag har en specifik höjd, t.ex. 40 mm eller 355 mm, vilken fot ska jag välja?",
    "answer_se": "Kontrollera vilken höjd du har och välj den fot vars justerbara intervall täcker detta mått. Exempel: 40 mm → 35–50 mm, 355 mm → 330–550 mm.",
    "source": "specs_pedestals.json",
    "category": "Piedestaler / Fötter / Stöd"
  },
  {
    "question_se": "Vilket tillbehör används: Adjustment Key?",
    "answer_se": "Key for precise height adjustment of SE pedestals.",
    "source": "specs_pedestals.json",
    "category": "Tillbehör"
  },
  {
    "question_se": "Vilket tillbehör används: Slope Corrector 0-5%?",
    "answer_se": "Accessory to correct substrate slopes up to 5% for SE pedestals.",
    "source": "specs_pedestals.json",
    "category": "Tillbehör"
  },
  {
    "question_se": "Vilket tillbehör används: Spacer Tabs 2/3/4 mm?",
    "answer_se": "Detachable spacer tabs for controlling joint width.",
    "source": "specs_pedestals.json",
    "category": "Tillbehör"
  },
  {
    "question_se": "Vilket tillbehör används: Pocket Key?",
    "answer_se": "Key for top-access adjustment of MiniPro and BalancePro pedestals.",
    "source": "specs_pedestals.json",
    "category": "Tillbehör"
  },
  {
    "question_se": "Vilket tillbehör används: Twist Lock Ring?",
    "answer_se": "Rotational locking ring for pedestal stability.",
    "source": "specs_pedestals.json",
    "category": "Tillbehör"
  },
  {
    "question_se": "Vilket tillbehör används: Fix Ring?",
    "answer_se": "Ring accessory to fix and stabilize BalancePro pedestals.",
    "source": "specs_pedestals.json",
    "category": "Tillbehör"
  },
  {
    "question_se": "Vilket tillbehör används: Dome Extension 25 mm?",
    "answer_se": "25 mm extension element for MiniPro and BalancePro pedestals.",
    "source": "specs_pedestals.json",
    "category": "Tillbehör"
  },
  {
    "question_se": "Vilket tillbehör används: Prolunga PBP10 100 mm?",
    "answer_se": "100 mm extension for BalancePro 125–225 mm pedestal.",
    "source": "specs_pedestals.json",
    "category": "Tillbehör"
  },
  {
    "question_se": "Vilka färger finns i serien Uteklinker?",
    "answer_se": "Följande färger finns i serien Uteklinker: Lava Marsili, Albero Gelso, Albero Mandorlo … Vill du se fler?",
    "source": "prontokakel.starwebserver.se",
    "category": "Färger",
    "answer_full_se": "Följande färger finns i Uteklinker:\n- Lava Marsili (Övrigt) – format: 430x120\n- Albero Gelso (Övrigt) – format: 20x120, 40x120, 60x60, 80x80, 80x180\n- Albero Mandorlo (Övrigt) – format: 20x120, 40x120, 60x60, 80x80, 80x180\n- Albero Nocciolo (Övrigt) – format: 20x120, 40x120, 60x60, 80x80, 80x180\n- Alpine Bocote (Övrigt) – format: 20x120, 40x120, 60x60, 80x80, 80x180\n- Alpine Cobolo (Övrigt) – format: 20x120, 40x120, 60x60, 80x80, 80x180, 60x120, 120x240, 30x120\n- Alpine Mix Dark Chevry (Övrigt) – format: 20x120, 40x120, 60x60, 80x80, 80x180, 60x120, 120x240, 30x120\n- Alpine Mogano (Övrigt) – format: 20x120, 40x120, 60x60, 80x80, 80x180, 60x120, 120x240, 30x120\n- Alpine Sarawa (Övrigt) – format: 20x120, 40x120, 60x60, 80x80, 80x180, 60x120, 120x240, 30x120\n- Alpine Sarawa Chevry (Övrigt) – format: 20x120, 40x120, 60x60, 80x80, 80x180, 60x120, 120x240, 30x120\n- Alpine Slavonia (Övrigt) – format: 20x120, 40x120, 60x60, 80x80, 80x180, 60x120, 120x240, 30x120\n- Alpine Slavonia Chevry (Övrigt) – format: 20x120, 40x120, 60x60, 80x80, 80x180, 60x120, 120x240, 30x120\n- Anniversario Grå (Övrigt)\n- Anniversario Ljusgrå (Övrigt)\n- Anniversario Mörkgrå (Övrigt)\n- Antique Dune Carved (Övrigt) – format: 20x120, 40x120, 60x60, 80x80, 80x180\n- Antique Nuit Carved (Övrigt) – format: 20x120, 40x120, 60x60, 80x80, 80x180\n- Antique Opal Carved (Övrigt) – format: 20x120, 40x120, 60x60, 80x80, 80x180\n- Antique Taupe Carved (Beige) – format: 20x120, 40x120, 60x60, 80x80, 80x180\n- Ardesia Bianco (Vit) – format: 20x120, 40x120, 60x60, 80x80, 80x180\n- Ardesia Cenere (Övrigt) – format: 20x120, 40x120, 60x60, 80x80, 80x180\n- Ardesia Grigio (Grå) – format: 20x120, 40x120, 60x60, 80x80, 80x180\n- Ardesia Taupe (Beige) – format: 20x120, 40x120, 60x60, 80x80, 80x180\n- Argresia Svart (Övrigt) – format: 430x120\n- Beton Cemento (Övrigt) – format: 20x120, 40x120, 60x60, 80x80, 60x120, 80x180, 120x240, 30x120\n- Beton Cenere (Övrigt) – format: 20x120, 40x120, 60x60, 80x80, 80x180, 60x120, 120x240, 30x120\n- Beton Sandalo (Beige) – format: 20x120, 40x120, 60x60, 80x80, 80x180, 60x120, 120x240, 30x120\n- Cemento Clay (Brun) – format: 20x120, 40x120, 60x60, 80x80, 80x180\n- Cemento Grit (Övrigt) – format: 20x120, 40x120, 60x60, 80x80, 80x180\n- Cemento Land (Övrigt) – format: 20x120, 40x120, 60x60, 80x80, 80x180\n- Cemento Lime (Övrigt) – format: 20x120, 40x120, 60x60, 80x80, 80x180\n- Cemento Rust (Övrigt) – format: 20x120, 40x120, 60x60, 80x80, 80x180\n- Cortina Basalto (Grå) – format: 20x120, 40x120, 60x60, 80x80, 80x180\n- Cortina Calcite (Övrigt) – format: 20x120, 40x120, 60x60, 80x80, 80x180\n- Cortina Cenere (Övrigt) – format: 20x120, 40x120, 60x60, 80x80, 80x180\n- Cortina Sabbia (Övrigt) – format: 20x120, 40x120, 60x60, 80x80, 80x180\n- Grotta Porfido (Övrigt) – format: 20x120, 40x120, 60x60, 80x80, 80x180\n- Grotta Silver Black (Grå) – format: 20x120, 40x120, 60x60, 80x80, 80x180\n- Grotta Silver White (Grå) – format: 20x120, 40x120, 60x60, 80x80, 80x180\n- Iris Astra (Övrigt) – format: 20x120, 40x120, 60x60, 80x80, 80x180\n- Iris Crono (Övrigt) – format: 20x120, 40x120, 60x60, 80x80, 80x180\n- Iris Geo (Övrigt) – format: 20x120, 40x120, 60x60, 80x80, 80x180\n- Iris Leucos (Vit) – format: 20x120, 40x120, 60x60, 80x80, 80x180\n- Iris Litos (Övrigt) – format: 20x120, 40x120, 60x60, 80x80, 80x180\n- Kvarts Grå (Övrigt) – format: 860x60, 440x120, 560x60, 60x60, 80x80, 100x100, 40x120, 40x180, 60x120, 45x90, 90x90\n- Lava Etna (Övrigt) – format: 430x120\n- Lava Salina (Övrigt) – format: 430x120\n- Lava Vesuvio (Övrigt) – format: 430x120\n- Manhattan Midtown (Övrigt) – format: 430x120\n- Manhattan Nolita (Övrigt) – format: 430x120\n- Manhattan Soho (Övrigt) – format: 430x120\n- Manhattan Tribeca (Övrigt) – format: 430x120\n- Materia Upcendre (Övrigt) – format: 430x120\n- Materia Upcharbon (Övrigt) – format: 430x120\n- Materia Upcrete (Övrigt) – format: 430x120\n- Materia Upivoire (Övrigt) – format: 430x120\n- Meteo Dark (Övrigt) – format: 430x120\n- Meteo Fog (Övrigt) – format: 430x120\n- Meteo Salt (Grå) – format: 430x120\n- Meteo Sand (Beige) – format: 430x120\n- Mista Agate (Övrigt) – format: 430x120\n- Mista Pearl (Övrigt) – format: 430x120\n- Mista Shell (Övrigt) – format: 430x120\n- Mista Tahiti (Övrigt) – format: 430x120\n- Nature Nut (Övrigt) – format: 430x120, 860x60, 440x120, 560x60, 60x60, 80x80, 100x100, 40x120, 40x180, 60x120, 45x90, 90x90\n- Nature Nut Doga (Övrigt) – format: 430x120, 860x60, 440x120, 560x60, 60x60, 80x80, 100x100, 40x120, 40x180, 60x120, 45x90, 90x90\n- Nature Oak (Brun) – format: 430x120, 860x60, 440x120, 560x60, 60x60, 80x80, 100x100, 40x120, 40x180, 60x120, 45x90, 90x90\n- Nature Oak Doga (Brun) – format: 60x60, 45x90, 90x90, 430x120, 860x60, 440x120, 560x60, 80x80, 100x100, 40x120, 40x180, 60x120\n- Nordique Evo Greyge (Grå) – format: 430x120\n- Nordique Evo Gris Fonce (Övrigt) – format: 430x120\n- Nordique Evo Gris Fonce (kopia) (Övrigt) – format: 430x120\n- Nordique Evo Noir (Övrigt) – format: 430x120\n- Quartz Antracite (Antracitgrå) – format: 430x120\n- Quartz Diaspro (Övrigt) – format: 430x120\n- Quartz Madera (Övrigt) – format: 430x120\n- Quartz Prasio (Övrigt) – format: 430x120\n- Roccia Antracite (Antracitgrå) – format: 430x120\n- Roccia Cream (Beige) – format: 430x120\n- Roccia Light Grey (Grå) – format: 430x120\n- Roccia Mud (Beige) – format: 430x120\n- Slate Bly (Övrigt)\n- Slate Grafite (Övrigt)\n- Slate Grå (Övrigt)\n- Stella Bone (Övrigt) – format: 430x120\n- Stella Cement (Övrigt) – format: 430x120\n- Stella Plomb (Grå) – format: 430x120\n- Stone Landstone (Övrigt) – format: 430x120\n- Stone Nightstone (Övrigt) – format: 430x120\n- Stone Silverstone (Grå) – format: 430x120\n- Stone Sunstone (Övrigt) – format: 430x120\n- Strada Saint Luois (Övrigt) – format: 430x120\n- Strada Santa Fe' (Övrigt) – format: 430x120\n- Strada Santa Monica (Övrigt) – format: 430x120\n- Travertin Beige (Beige) – format: 430x120\n- Trentino Avana (Övrigt) – format: 430x120\n- Trentino Canapa (Övrigt) – format: 430x120\n- Trentino Lino (Övrigt) – format: 430x120\n- Trentino Moro (Övrigt) – format: 430x120\n- Trentino Tabacco (Övrigt) – format: 430x120\n- Vintage Bruges (Övrigt) – format: 430x120\n- Vintage Gent (Övrigt) – format: 430x120\n- Vintage Namur (Övrigt) – format: 430x120"
  },
  {
    "question_se": "Vilka färger finns i serien Träklinker?",
    "answer_se": "Följande färger finns i Träklinker:\n- Konjak (Övrigt) – format: 430x120",
    "source": "prontokakel.starwebserver.se",
    "category": "Färger"
  }
]