[
  {
    "question_se": "Vilka höjder på fötter har ni?",
    "answer_se": "Vi erbjuder fötter med följande höjdintervall: 28-38, 37.5-50, 50-75, 75-120, 120-170, 170-215, 140-230, 185-275, 235-325, 205-345, 250-385, 300-400, 270-455, 315-500, 365-550, 25-50, 50-75, 75-125, 125-225.",
    "source": "specs_pedestals.json",
    "category": "piedestaler"
  },
  {
    "question_se": "Jag har en specifik höjd, t.ex. 40 mm eller 355 mm, vilken fot ska jag välja?",
    "answer_se": "Kontrollera vilken höjd du har och välj den fot vars justerbara intervall täcker detta mått. Exempel: 40 mm → 35–50 mm, 355 mm → 330–550 mm.",
    "source": "specs_pedestals.json",
    "category": "piedestaler"
  },
  {
    "question_se": "Vilket tillbehör används: justernyckel?",
    "answer_se": "En justernyckel används för att finjustera höjden på fötterna efter installation.",
    "source": "specs_pedestals.json",
    "category": "verktyg och tillbehör"
  },
  {
    "question_se": "Vilket tillbehör används: lutningskorrigerare 0–5%?",
    "answer_se": "En lutningskorrigerare används för att kompensera för underlag med lutning upp till 5%.",
    "source": "specs_pedestals.json",
    "category": "verktyg och tillbehör"
  },
  {
    "question_se": "Vilket tillbehör används: distanskryss 2/3/4 mm?",
    "answer_se": "Distanskryss används för att hålla plattorna på jämnt avstånd med fogbredd 2, 3 eller 4 mm.",
    "source": "specs_pedestals.json",
    "category": "verktyg och tillbehör"
  },
  {
    "question_se": "Vilket tillbehör används: ficknyckel?",
    "answer_se": "En ficknyckel används för att justera höjden på fötterna uppifrån även efter installation.",
    "source": "specs_pedestals.json",
    "category": "verktyg och tillbehör"
  },
  {
    "question_se": "Vilket tillbehör används: låsring?",
    "answer_se": "En låsring används för att låsa och stabilisera foten samt förhindra rotation.",
    "source": "specs_pedestals.json",
    "category": "verktyg och tillbehör"
  },
  {
    "question_se": "Vilket tillbehör används: fixeringsring?",
    "answer_se": "En fixeringsring används för att säkra och stabilisera foten vid montering.",
    "source": "specs_pedestals.json",
    "category": "verktyg och tillbehör"
  },
  {
    "question_se": "Vilket tillbehör används: förhöjningsdel 25 mm?",
    "answer_se": "En förhöjningsdel på 25 mm används för att öka höjden på foten.",
    "source": "specs_pedestals.json",
    "category": "verktyg och tillbehör"
  },
  {
    "question_se": "Vilket tillbehör används: förlängning 100 mm?",
    "answer_se": "En förlängning på 100 mm används för att öka höjden på foten i 125–225 mm intervallet.",
    "source": "specs_pedestals.json",
    "category": "verktyg och tillbehör"
  }
]