[
  {
    "country_of_origin": "Italy",
    "pedestal_system_name": "Eterno Ivica SE0",
    "height_range_mm": "28-38",
    "pedestals_per_m2": null,
    "docs": {
      "technical_pdf": "original_DATASHEET_PEDESTAL_SE_REV05.pdf"
    },
    "scraped_at": "2025-09-29T10:42:10.680732Z"
  },
  {
    "country_of_origin": "Italy",
    "pedestal_system_name": "Eterno Ivica SE1",
    "height_range_mm": "37.5-50",
    "pedestals_per_m2": null,
    "docs": {
      "technical_pdf": "original_DATASHEET_PEDESTAL_SE_REV05.pdf"
    },
    "scraped_at": "2025-09-29T10:42:10.680732Z"
  },
  {
    "country_of_origin": "Italy",
    "pedestal_system_name": "Eterno Ivica SE2",
    "height_range_mm": "50-75",
    "pedestals_per_m2": null,
    "docs": {
      "technical_pdf": "original_DATASHEET_PEDESTAL_SE_REV05.pdf"
    },
    "scraped_at": "2025-09-29T10:42:10.680732Z"
  },
  {
    "country_of_origin": "Italy",
    "pedestal_system_name": "Eterno Ivica SE3",
    "height_range_mm": "75-120",
    "pedestals_per_m2": null,
    "docs": {
      "technical_pdf": "original_DATASHEET_PEDESTAL_SE_REV05.pdf"
    },
    "scraped_at": "2025-09-29T10:42:10.680732Z"
  },
  {
    "country_of_origin": "Italy",
    "pedestal_system_name": "Eterno Ivica SE4",
    "height_range_mm": "120-170",
    "pedestals_per_m2": null,
    "docs": {
      "technical_pdf": "original_DATASHEET_PEDESTAL_SE_REV05.pdf"
    },
    "scraped_at": "2025-09-29T10:42:10.680732Z"
  },
  {
    "country_of_origin": "Italy",
    "pedestal_system_name": "Eterno Ivica SE5",
    "height_range_mm": "170-215",
    "pedestals_per_m2": null,
    "docs": {
      "technical_pdf": "original_DATASHEET_PEDESTAL_SE_REV05.pdf"
    },
    "scraped_at": "2025-09-29T10:42:10.680732Z"
  },
  {
    "country_of_origin": "Italy",
    "pedestal_system_name": "Eterno Ivica SE6",
    "height_range_mm": "140-230",
    "pedestals_per_m2": null,
    "docs": {
      "technical_pdf": "original_DATASHEET_PEDESTAL_SE_REV05.pdf"
    },
    "scraped_at": "2025-09-29T10:42:10.680732Z"
  },
  {
    "country_of_origin": "Italy",
    "pedestal_system_name": "Eterno Ivica SE7",
    "height_range_mm": "185-275",
    "pedestals_per_m2": null,
    "docs": {
      "technical_pdf": "original_DATASHEET_PEDESTAL_SE_REV05.pdf"
    },
    "scraped_at": "2025-09-29T10:42:10.680732Z"
  },
  {
    "country_of_origin": "Italy",
    "pedestal_system_name": "Eterno Ivica SE8",
    "height_range_mm": "235-325",
    "pedestals_per_m2": null,
    "docs": {
      "technical_pdf": "original_DATASHEET_PEDESTAL_SE_REV05.pdf"
    },
    "scraped_at": "2025-09-29T10:42:10.680732Z"
  },
  {
    "country_of_origin": "Italy",
    "pedestal_system_name": "Eterno Ivica SE9",
    "height_range_mm": "205-345",
    "pedestals_per_m2": null,
    "docs": {
      "technical_pdf": "original_DATASHEET_PEDESTAL_SE_REV05.pdf"
    },
    "scraped_at": "2025-09-29T10:42:10.680732Z"
  },
  {
    "country_of_origin": "Italy",
    "pedestal_system_name": "Eterno Ivica SE10",
    "height_range_mm": "250-385",
    "pedestals_per_m2": null,
    "docs": {
      "technical_pdf": "original_DATASHEET_PEDESTAL_SE_REV05.pdf"
    },
    "scraped_at": "2025-09-29T10:42:10.680732Z"
  },
  {
    "country_of_origin": "Italy",
    "pedestal_system_name": "Eterno Ivica SE11",
    "height_range_mm": "300-400",
    "pedestals_per_m2": null,
    "docs": {
      "technical_pdf": "original_DATASHEET_PEDESTAL_SE_REV05.pdf"
    },
    "scraped_at": "2025-09-29T10:42:10.680732Z"
  },
  {
    "country_of_origin": "Italy",
    "pedestal_system_name": "Eterno Ivica SE12",
    "height_range_mm": "270-455",
    "pedestals_per_m2": null,
    "docs": {
      "technical_pdf": "original_DATASHEET_PEDESTAL_SE_REV05.pdf"
    },
    "scraped_at": "2025-09-29T10:42:10.680732Z"
  },
  {
    "country_of_origin": "Italy",
    "pedestal_system_name": "Eterno Ivica SE13",
    "height_range_mm": "315-500",
    "pedestals_per_m2": null,
    "docs": {
      "technical_pdf": "original_DATASHEET_PEDESTAL_SE_REV05.pdf"
    },
    "scraped_at": "2025-09-29T10:42:10.680732Z"
  },
  {
    "country_of_origin": "Italy",
    "pedestal_system_name": "Eterno Ivica SE14",
    "height_range_mm": "365-550",
    "pedestals_per_m2": null,
    "docs": {
      "technical_pdf": "original_DATASHEET_PEDESTAL_SE_REV05.pdf"
    },
    "scraped_at": "2025-09-29T10:42:10.680732Z"
  },
  {
    "country_of_origin": "Italy",
    "tool_name": "Adjustment Key",
    "category": "Tools & Accessories",
    "description": "Key for precise height adjustment of SE pedestals.",
    "docs": {
      "technical_pdf": "original_DATASHEET_PEDESTAL_SE_REV05.pdf"
    },
    "scraped_at": "2025-09-29T10:42:10.680732Z"
  },
  {
    "country_of_origin": "Italy",
    "tool_name": "Slope Corrector 0-5%",
    "category": "Tools & Accessories",
    "description": "Accessory to correct substrate slopes up to 5% for SE pedestals.",
    "docs": {
      "technical_pdf": "original_DATASHEET_PEDESTAL_SE_REV05.pdf"
    },
    "scraped_at": "2025-09-29T10:42:10.680732Z"
  },
  {
    "country_of_origin": "Italy",
    "tool_name": "Spacer Tabs 2/3/4 mm",
    "category": "Tools & Accessories",
    "description": "Detachable spacer tabs for controlling joint width.",
    "docs": {
      "technical_pdf": "original_DATASHEET_PEDESTAL_SE_REV05.pdf"
    },
    "scraped_at": "2025-09-29T10:42:10.680732Z"
  },
  {
    "country_of_origin": "Italy",
    "pedestal_system_name": "Impertek MiniPro",
    "height_range_mm": "25-50",
    "pedestals_per_m2": null,
    "docs": {
      "technical_pdf": "Flyer MiniProBalancePro IT-EN.pdf"
    },
    "scraped_at": "2025-09-29T10:42:10.680732Z"
  },
  {
    "country_of_origin": "Italy",
    "pedestal_system_name": "Impertek BalancePro",
    "height_range_mm": "50-75",
    "pedestals_per_m2": null,
    "docs": {
      "technical_pdf": "Flyer MiniProBalancePro IT-EN.pdf"
    },
    "scraped_at": "2025-09-29T10:42:10.680732Z"
  },
  {
    "country_of_origin": "Italy",
    "pedestal_system_name": "Impertek BalancePro",
    "height_range_mm": "75-125",
    "pedestals_per_m2": null,
    "docs": {
      "technical_pdf": "Flyer MiniProBalancePro IT-EN.pdf"
    },
    "scraped_at": "2025-09-29T10:42:10.680732Z"
  },
  {
    "country_of_origin": "Italy",
    "pedestal_system_name": "Impertek BalancePro",
    "height_range_mm": "125-225",
    "pedestals_per_m2": null,
    "docs": {
      "technical_pdf": "Flyer MiniProBalancePro IT-EN.pdf"
    },
    "scraped_at": "2025-09-29T10:42:10.680732Z"
  },
  {
    "country_of_origin": "Italy",
    "tool_name": "Pocket Key",
    "category": "Tools & Accessories",
    "description": "Key for top-access adjustment of MiniPro and BalancePro pedestals.",
    "docs": {
      "technical_pdf": "Flyer MiniProBalancePro IT-EN.pdf"
    },
    "scraped_at": "2025-09-29T10:42:10.680732Z"
  },
  {
    "country_of_origin": "Italy",
    "tool_name": "Twist Lock Ring",
    "category": "Tools & Accessories",
    "description": "Rotational locking ring for pedestal stability.",
    "docs": {
      "technical_pdf": "Flyer MiniProBalancePro IT-EN.pdf"
    },
    "scraped_at": "2025-09-29T10:42:10.680732Z"
  },
  {
    "country_of_origin": "Italy",
    "tool_name": "Fix Ring",
    "category": "Tools & Accessories",
    "description": "Ring accessory to fix and stabilize BalancePro pedestals.",
    "docs": {
      "technical_pdf": "Flyer MiniProBalancePro IT-EN.pdf"
    },
    "scraped_at": "2025-09-29T10:42:10.680732Z"
  },
  {
    "country_of_origin": "Italy",
    "tool_name": "Dome Extension 25 mm",
    "category": "Tools & Accessories",
    "description": "25 mm extension element for MiniPro and BalancePro pedestals.",
    "docs": {
      "technical_pdf": "Flyer MiniProBalancePro IT-EN.pdf"
    },
    "scraped_at": "2025-09-29T10:42:10.680732Z"
  },
  {
    "country_of_origin": "Italy",
    "tool_name": "Prolunga PBP10 100 mm",
    "category": "Tools & Accessories",
    "description": "100 mm extension for BalancePro 125–225 mm pedestal.",
    "docs": {
      "technical_pdf": "Flyer MiniProBalancePro IT-EN.pdf"
    },
    "scraped_at": "2025-09-29T10:42:10.680732Z"
  }
]